X,Y,Z
221.55,244.25,1
215.15,256.9,1
225.65,251.9,1
225.9,257.4,1
224.15,261.7,1
226.4,260.5,1
216.5,265.7,1
216.4,269.9,1
216.3,271.75,1
222.5,269,1
223.6,276.1,1
226,275.3,1
227.55,277.5,1
229.55,280.4,1
229.95,280.7,1
231.95,272.85,1
234.15,272.95,1
233.25,268.55,1
231.15,263.55,1
234.45,262.25,1
231.4,260.45,1
229.45,258.45,1
229,258.2,1
228.3,260.35,1
232.1,255.45,1
239.5,254.4,1
237.75,250.45,1
241.9,253.55,1
252.8,250.15,1
227.85,261.3,1
258.2,253.65,1
256.3,257.05,1
256.9,258.55,1
257.4,258.75,1
257.6,260.25,1
261.2,258,1
262.95,260.1,1
263.65,260.05,1
263.2,258.2,1
264.2,258.7,1
263.1,257.15,1
264.75,260.95,1
266.9,256.2,1
267.6,256.85,1
268,252.3,1
267.6,251.8,1
273.05,246.95,1
271.65,242.05,1
272.4,233.95,1
275.1,235.55,1
276.25,233.9,1
279.35,233.8,1
277.75,238.9,1
279.15,241.75,1
276.35,242.9,1
277.95,244.55,1
275,245.55,1
275.2,246.2,1
274.55,247.45,1
273.7,253.3,1
270.55,260.95,1
273.4,259.75,1
272.85,261.5,1
271.65,262.25,1
270.15,264,1
272.95,264.95,1
274.85,262.55,1
275.15,259.65,1
277.45,256.35,1
276.85,254.55,1
278.65,256.05,1
280.05,256.25,1
276.35,257.5,1
273.05,254.2,1
278.15,259.15,1
277.85,260.95,1
280.5,260,1
280.2,263.05,1
282.85,265.65,1
284.45,257.9,1
284.35,254.6,1
287.2,256.8,1
285.8,251.5,1
289.25,253.15,1
290.45,251.95,1
289.7,251.3,1
291.65,249.15,1
292.15,238.75,1
299.75,234.25,1
302.4,244.75,1
303.05,245.15,1
302.1,247.55,1
271.4,266.8,1
270.1,268,1
270.6,268.45,1
269.2,272.25,1
264.7,269.35,1
273.6,273.3,1
275,271.2,1
275,272.15,1
277.15,270.15,1
276.8,267.55,1
277.2,268,1
277.9,268.7,1
273.7,267.2,1
283,269.85,1
279.95,272.65,1
274.75,275.4,1
270.8,276,1
291.9,267.25,1
292.2,267.55,1
292.85,267.25,1
293,264.95,1
293.6,264.85,1
294.75,263.45,1
290.1,259.55,1
301.5,261.65,1
302.35,262.2,1
296.2,267.15,1
296.45,267.55,1
297.45,269.45,1
300.5,269.2,1
197.7,271.2,2
228.85,274.15,2
229.35,274.45,2
220.75,271.05,2
216.5,269.85,2
219,260.05,2
224.15,264.75,2
227.35,263.8,2
230.15,268.25,2
230.55,268.6,2
231.9,272.55,2
228.35,258,2
229.1,258.2,2
227.65,251.6,2
211.9,245.95,2
231.9,242.45,2
232.85,255.3,2
231.9,260.4,2
234.35,262.2,2
235.8,256.3,2
240.65,254.35,2
242.75,254.55,2
250.3,260.8,2
253.7,237.75,2
255.65,230.75,2
262.5,238.8,2
260.3,248.2,2
258.8,249.95,2
255.75,254.45,2
259.6,254.25,2
262.7,255,2
263.4,258.15,2
265,258.2,2
263.75,260.3,2
266.55,267.45,2
266.9,268.05,2
269.65,261.6,2
270.2,261.9,2
271,253.5,2
272.45,253.5,2
271.25,250.65,2
274.45,250.1,2
282.15,250.1,2
278.85,232.7,2
286.45,238.85,2
286.25,246.6,2
286.7,249.65,2
288.15,254.8,2
275,257.7,2
276.45,256,2
278,256.8,2
280.05,256.25,2
280.4,257.7,2
283,259.95,2
285.2,262.7,2
284.2,263.9,2
284.6,265.55,2
284.2,266.35,2
280.8,265.65,2
278.75,263.55,2
274.85,262.55,2
272.05,262.55,2
273.35,265.25,2
270.55,268.1,2
270.8,268.55,2
275.65,266.2,2
278.55,266,2
279.05,268.2,2
277.65,268.7,2
274.4,269.65,2
274.05,271.4,2
274.1,272.15,2
274.7,271.9,2
275.8,273.6,2
274.45,276.4,2
279.35,276.65,2
278.8,272.2,2
280.4,272.5,2
279.6,274,2
281.45,271.4,2
299.1,267.45,2
295.45,264.85,2
293.35,260.05,2
303.95,251.8,2
308.65,246.5,2
312.3,249.45,2
199.25,254.75,2
200.6,256.8,3
198.15,265.95,3
205.9,266.05,3
206.1,265.3,3
207.65,264.35,3
214.45,258.2,3
216.35,258,3
217.45,261.45,3
218.4,264.35,3
226.75,262.6,3
223.05,271.4,3
218.15,272.15,3
221.7,275.35,3
230.4,269.95,3
229.85,269.55,3
236.05,265.7,3
232.8,258.35,3
234.6,257.5,3
232.8,255.4,3
230.75,249.1,3
235.65,246.6,3
249.5,263.55,3
261.55,271.1,3
264.6,267.1,3
261.2,256.6,3
255,253.8,3
259.6,254.3,3
260.15,248.35,3
262.65,255,3
264.65,258.2,3
265.95,257.25,3
269.6,256.25,3
266.6,250.8,3
268.85,247.9,3
270.3,249.9,3
271.2,249.1,3
272.4,244.3,3
273.8,239.95,3
274.8,252.15,3
275.65,252.5,3
275.4,257.95,3
274.5,260.9,3
275.3,261.15,3
276.75,258.35,3
278.9,259.8,3
280.7,258.8,3
282.3,258.6,3
279.8,256.25,3
278.65,263.65,3
280.25,263.2,3
278.65,268.45,3
276.7,271.75,3
273.7,275.25,3
274.2,276.6,3
277.35,275.15,3
279.15,273.15,3
283,267.05,3
284.9,266.85,3
295.4,264.8,3
294.7,261.9,3
304.35,258.05,3
298.65,248.45,3
291.45,254.35,3
286.05,246.7,3
300.55,239.8,3
303,234.85,3
277.2,232.65,3
189.95,243.9,4
192.95,240.2,4
197.85,266.2,4
203.5,261,4
205.3,264.5,4
206.65,262.15,4
207.3,260.1,4
214.25,258.3,4
215.55,264.8,4
216.75,267.15,4
221.65,272.35,4
221.85,271.55,4
219.25,280.4,4
227.05,271.3,4
228.65,265.4,4
225.95,263.55,4
233.25,254.75,4
226.45,235.3,4
255.85,262.25,4
257.65,267,4
263.1,268.2,4
261.05,263.1,4
261.05,256.6,4
261.1,253.85,4
263.3,257.3,4
264.85,258.25,4
264.45,257.05,4
265.45,259.7,4
265.55,262.9,4
267.15,267.45,4
268.9,263.9,4
269.5,256.25,4
269.05,251.2,4
274.45,249.7,4
274.1,253.5,4
271.7,254.7,4
272.5,258.85,4
275.9,257,4
274.75,258.85,4
276.25,259.5,4
273.45,261.05,4
272.65,261.45,4
276.1,262.6,4
278.1,261.25,4
278.9,260.7,4
278.9,259.85,4
278.5,263.65,4
280.45,263.2,4
282.85,266.4,4
275.9,270.45,4
275.35,271.1,4
276.65,272.8,4
276.25,274.45,4
274.3,275.05,4
291.85,281.7,4
289.45,276.9,4
289.9,271.5,4
287.95,264.45,4
285.65,262.45,4
281.65,255.25,4
280.9,254.8,4
280.95,259.5,4
286.9,248.5,4
292.75,252.1,4
296.25,249.6,4
303.25,253.05,4
302.7,244.9,4
300.9,241.5,4
298.15,240.05,4
288.85,236.3,4
194.05,239.15,5
198.55,251.05,5
209.55,244.25,5
215.15,265.55,5
215.5,266.5,5
215.1,272.45,5
225.35,266.3,5
233.1,258.25,5
226.55,252.5,5
233.65,251.35,5
227.9,246.45,5
257.25,259.2,5
262.05,265.1,5
262.4,257.65,5
264.4,256.45,5
265.8,257.05,5
263.2,251.5,5
262.15,248.5,5
264.75,246.85,5
265,249.5,5
267.75,261.25,5
268.25,261.8,5
268.2,263.05,5
268.85,263.7,5
270.4,265.85,5
265.75,269.7,5
269,271.65,5
270.75,275.2,5
271.15,261.7,5
272.8,261.65,5
274.35,263.5,5
275.75,260.3,5
275.15,259.25,5
274.6,259.8,5
272.65,257.3,5
271.05,255.25,5
269.05,253,5
278.45,266.1,5
283.4,263.65,5
282.95,261.8,5
284.4,259.3,5
278.55,255.5,5
278.65,254.6,5
281.95,254.05,5
281.15,251.45,5
283.8,250.9,5
288.15,254.85,5
299.35,246.7,5
302.85,253.3,5
305.4,252.8,5
308.6,253.2,5
309.75,260.6,5
285.6,230.45,5
283.9,245.75,5
197.45,248.85,6
200.3,248.05,6
204.45,263.65,6
208.65,276.6,6
215.65,273.65,6
227.65,270.7,6
229.05,262,6
229.7,262.65,6
233.05,266.3,6
235.5,258.45,6
233.7,251.3,6
227.65,246.25,6
236.25,246.85,6
256.15,259.05,6
258.75,258.05,6
262.35,265.1,6
262.1,266.85,6
265.25,267.05,6
265.35,267.45,6
266.45,270.3,6
270.65,275.3,6
273.05,272.1,6
277.1,274.5,6
271.3,268.1,6
272.05,264.05,6
273.1,263.35,6
267.7,257.55,6
267.5,256.85,6
265.7,256.1,6
264.05,254.55,6
263.15,259.65,6
259.45,251.85,6
259.25,248.95,6
264.85,250.15,6
265.55,248.9,6
269.35,253.15,6
271.05,255.95,6
271.9,253.65,6
273.45,255.55,6
274.05,259.85,6
280.3,269.25,6
276.95,263.65,6
277.65,262.55,6
281.85,262.05,6
280.85,259.15,6
278.45,256.65,6
275.25,251.7,6
273.95,248.65,6
275.5,249.1,6
276.95,248.75,6
283.75,250.65,6
282.7,255.65,6
289.1,250.1,6
289.55,253.55,6
293.5,252.05,6
287.75,235.35,6
300.45,250.3,6
307.05,255.7,6
309.7,260.7,6
310.15,262.7,6
224.7,247.35,7
220.2,255,7
217,259.8,7
209.9,273.4,7
218.5,265.35,7
221,265.3,7
225.3,263.75,7
224.3,256.55,7
228.6,260.95,7
229.2,261.35,7
228.4,254.75,7
229,255.1,7
234.7,255.35,7
234.8,256.75,7
236.9,266.4,7
247.65,268.6,7
252.65,252,7
256.65,257.8,7
261.4,254.65,7
261.65,255.95,7
263.15,255.85,7
263.15,258.55,7
264.35,260.55,7
265.15,261.2,7
263.95,266.6,7
266.55,257.75,7
271,254.05,7
271.95,253.25,7
276.4,250.15,7
279.55,251.6,7
284,247,7
280.4,254.65,7
283.2,255.85,7
275.65,255.25,7
277.65,258.2,7
273.25,257.95,7
272.25,258,7
271.45,259.15,7
269.55,260.85,7
271,263.4,7
269.6,263.8,7
271.35,264.75,7
271.25,268.25,7
272,269.6,7
269.45,271.35,7
275.15,265.35,7
274.85,265.2,7
274,264.15,7
274.15,260.75,7
278.4,261,7
277.15,264.25,7
281,266.8,7
278.05,272.55,7
277.25,278.65,7
288.4,274.25,7
289.55,268.8,7
292.6,264.8,7
301.6,270.35,7
300.75,255.4,7
303.55,251.85,7
308.75,256.15,7
311.15,242.5,7
196.6,248.25,8
194.7,257.2,8
203.55,263.4,8
200.35,270.6,8
208.1,254,8
207.55,274.05,8
212.2,271.8,8
214.35,271.2,8
210.15,277.7,8
220.25,264.35,8
223.6,252,8
225.1,256.2,8
227.05,258.85,8
227.75,259.4,8
228.55,262.8,8
228.05,264.15,8
231.3,259.8,8
228.95,254.35,8
228.25,251.95,8
228.05,250.3,8
234.45,257.15,8
236.85,256.15,8
246.85,265.1,8
247.75,264.5,8
247.4,261.25,8
251.6,260,8
252.95,253.95,8
263.2,258.55,8
265.85,258.15,8
265.05,255.9,8
268.4,255.1,8
268.05,254.55,8
267.8,253.65,8
267.15,253.05,8
268.75,252.75,8
268.35,252.15,8
269.7,257.95,8
270.4,259.3,8
268.3,260.6,8
268.55,261.2,8
267.05,262.45,8
267.3,262.9,8
265.35,264.75,8
263.6,267.45,8
267.15,269.45,8
269.45,271.25,8
269.5,266.8,8
269.75,266.4,8
274.9,276,8
272.65,264.25,8
272.3,264.05,8
272.65,261.25,8
273.45,261.1,8
274.25,260.35,8
274.65,258.45,8
273.15,255.1,8
272.85,254.3,8
271.05,254,8
272.3,249.9,8
274.25,252.65,8
275.7,247.8,8
269.7,242.5,8
279.15,254.1,8
279.65,260.15,8
278.35,261.4,8
278.75,263.7,8
276.95,265.55,8
274.05,265.5,8
274.45,263.8,8
273.75,262,8
277.4,267.4,8
277.95,267.65,8
277.9,268.45,8
279.25,270.55,8
281.55,266.1,8
285.4,256.2,8
288,262.2,8
291.8,265.45,8
289.45,250.1,8
297.5,283.8,8
301.35,275.4,8
301.7,265.95,8
302,262.75,8
305.1,256.75,8
305.5,257.05,8
294.6,218.15,8
197.45,271.4,9
198.7,247.9,9
205.15,271.15,9
211.55,269.1,9
217.7,269.85,9
217.5,266,9
224,266.7,9
225.9,262.65,9
225.4,260.8,9
224.15,258.3,9
222.05,256.8,9
227.8,250.3,9
231.1,264.85,9
236.6,260.1,9
237.2,257.4,9
238.2,261.2,9
247,265.3,9
250,264.45,9
265.6,270.8,9
266.7,269.95,9
267.65,268.8,9
267.4,268.3,9
262.15,263.4,9
261.15,261.65,9
263.15,253.2,9
263.65,252.65,9
264.1,255.5,9
266.4,256.5,9
265.1,259.35,9
269.75,263.55,9
271,267.05,9
272.9,269.45,9
273.3,272.65,9
277.15,281.45,9
282,279.95,9
286.8,272.45,9
283.25,264.35,9
278.25,268.2,9
275.8,269.15,9
275,267.25,9
275.25,265.25,9
274.65,264.6,9
274.35,264.1,9
273,263.65,9
272.2,259.75,9
273,258.05,9
270.45,254.85,9
267.7,252.7,9
267.35,252.1,9
269.55,251.1,9
270.75,251.65,9
271.35,253.05,9
273.85,252.2,9
272.2,249.4,9
271.85,246.95,9
275.05,244.8,9
279.85,250.85,9
286.1,253.5,9
304.65,251.4,9
197.5,269,10
213.5,265.3,10
214.5,263,10
222.3,269.9,10
221.9,278.5,10
230.85,262.7,10
232.3,265.2,10
232.45,266.55,10
233.9,263.55,10
234.65,261.75,10
236.7,260.1,10
234.3,258.9,10
231.65,258,10
250.1,268,10
237.8,270.65,10
253.3,260.5,10
251.3,265.85,10
255.85,265.5,10
259.85,262.75,10
262.45,263.5,10
267.25,265.65,10
267.65,266.15,10
266.6,269.75,10
272.25,272.1,10
275.65,274.95,10
277.4,274.9,10
281.65,280.1,10
279.9,271.85,10
283.3,268.85,10
284.25,267.3,10
285.5,268.3,10
278.6,267.7,10
280,266.15,10
279.4,265.05,10
278.4,266.95,10
277.85,267.15,10
276.1,269.55,10
273.7,267.85,10
274.9,267.25,10
276.05,266.3,10
276.7,266.65,10
275.8,264.5,10
275.7,263.15,10
277.4,262.7,10
276.25,260.5,10
273.6,260.95,10
272.6,264.25,10
273.4,265.55,10
270.9,260.1,10
269.65,257.25,10
269.05,257.1,10
269.25,255.9,10
267.05,257.05,10
266.6,256.5,10
263.05,258.5,10
264.05,256.9,10
263.65,255.15,10
268.25,252.35,10
268.3,251.3,10
267.8,250.9,10
265.8,244.55,10
270.25,251.9,10
271.9,250.35,10
272.05,248.45,10
271.7,255.75,10
278.05,254.85,10
279.8,254.15,10
279.05,249.45,10
277.65,250.75,10
319,268.35,10
284.5,215.3,10
227.3,258.1,10
199.25,267.05,11
203.1,267.95,11
203.4,268.25,11
208.15,269.15,11
210.25,272.35,11
214.9,271.85,11
209.65,263.15,11
218,264.9,11
221.45,259.6,11
217.25,247.8,11
226.1,248.35,11
230,251.7,11
230.65,252.1,11
228.75,254.95,11
233.2,254,11
235.55,257.75,11
237.35,258.25,11
237.15,259.05,11
236.45,262.4,11
234.45,262,11
235.3,251.95,11
235.4,248.55,11
236.8,268.55,11
238.5,268.5,11
248.85,267.75,11
248.45,267.45,11
254.95,265.5,11
253.55,261.35,11
257.85,255.05,11
261.45,249.05,11
266.15,251.45,11
266.55,252,11
267.1,252.6,11
267.15,254.7,11
267.55,255.15,11
266.25,256.1,11
266.95,256.6,11
263.05,259.25,11
263.15,260.85,11
270.3,254.75,11
268.65,255.7,11
269.7,257,11
270.95,259.1,11
270.35,260.2,11
269.65,261.8,11
271.9,262.5,11
266.95,266.65,11
273.95,268.5,11
274.5,267.3,11
274.1,267.1,11
275.3,266.65,11
276.6,266.65,11
276.75,265.6,11
277.55,267,11
277.8,267.45,11
273.1,271.35,11
276.9,259.8,11
274.85,256.8,11
277.2,255.5,11
278.9,254.8,11
277.6,250.45,11
276.5,250.2,11
286.55,262.1,11
292.9,253.7,11
298.2,258.25,11
295.1,269.15,11
303.75,263,11
309.35,262.2,11
318.7,269.9,11
284.2,219.2,11
290.2,213.4,12
289.3,223,12
274,218.6,12
271.1,229.4,12
198.9,266,12
213.95,278.1,12
218.95,275.35,12
219.45,272.6,12
218.85,263.7,12
211.6,255.45,12
223.1,259.75,12
211.35,262.75,12
230.95,261.4,12
233.25,266.65,12
235.1,261.85,12
236.15,261.2,12
230.95,254.2,12
230.4,253.9,12
229.9,253.5,12
226.6,253.9,12
229.85,248.7,12
229.45,248.35,12
235.8,254.15,12
239.05,252.65,12
239.15,253.4,12
239.85,255.15,12
246.75,269.35,12
247.7,269.35,12
247.5,271.75,12
248.45,282.4,12
258.3,267.9,12
266.8,245.5,12
268,248.25,12
268.3,248.95,12
264.55,251.8,12
267.3,252.45,12
267.45,253.15,12
272.15,248.7,12
263.85,261.85,12
265.25,259,12
267,259.55,12
267.35,260.15,12
267.8,263.25,12
268.15,263.85,12
266.75,266.6,12
267.2,267.3,12
268.9,269.05,12
268.95,266.9,12
271.05,266.2,12
273.5,266.35,12
272.8,267.7,12
273.25,268.1,12
275,268.9,12
276.25,267.9,12
276,270.95,12
277.3,271.7,12
282,269.2,12
285.45,267.45,12
285.75,267.9,12
289,267,12
277.55,265.3,12
275.55,262.7,12
274.25,262.1,12
270.3,261.8,12
270.6,259.1,12
269.55,257.95,12
270.45,257.2,12
272.15,257.85,12
275.45,258.45,12
280,255.8,12
284.35,255.5,12
286.1,253.55,12
290.05,257.2,12
293.05,253.75,12
296.25,257.4,12
212.65,278.2,13
218.75,281.3,13
220.85,282.6,13
223.15,284.7,13
221.5,272.25,13
221,271.05,13
221.35,269.95,13
215.65,271.35,13
222.25,266.1,13
221.35,264.3,13
232,267.3,13
225.55,258.05,13
228.05,256.7,13
229.4,257.45,13
229.95,257.6,13
232.3,259.15,13
234.6,258.25,13
234.35,257.6,13
230.95,251.75,13
235.05,251.3,13
245.8,254.45,13
248.65,263.1,13
241.95,267.2,13
248,270,13
248.45,273.55,13
247.9,275.9,13
235.75,242.65,13
241.9,240.45,13
204.2,215.85,13
210.2,219.9,13
259.45,255.35,13
260.1,261.55,13
261.8,268.05,13
269.55,276.15,13
273.35,278.5,13
274.6,278.45,13
277.15,281.9,13
296.15,272.5,13
280.6,269.05,13
273,273.8,13
272.55,269.45,13
269.15,266.9,13
266.65,264.35,13
270.95,263.65,13
273.2,264.95,13
273.75,264.35,13
274.75,265,13
275.85,266,13
279.1,265.35,13
282.9,263.35,13
282.7,261.95,13
277.05,260.2,13
266.9,259.6,13
273.95,256.1,13
269.45,254.9,13
266.55,254.65,13
267.2,255.15,13
264.35,249.75,13
266.45,248.6,13
269.2,243.7,13
306.15,262.45,13
271.45,229.1,13
294.95,223.5,13
294.3,217.5,13
293.85,219.6,13
293.05,216.75,13
290.45,213.25,13
298.8,218.75,14
216.3,220.2,14
209.5,216.8,14
203.3,217.85,14
201.7,221.7,14
200.4,225.45,14
241.5,236.15,14
209.25,266.6,14
212.05,282.3,14
217.8,275.55,14
218.1,287.7,14
219.65,284.15,14
222.5,283.5,14
224.05,282.3,14
223.9,278.55,14
224.45,274.95,14
225.3,264,14
223.45,257.7,14
223.65,254,14
232.5,262,14
232.65,262.6,14
230.3,267.3,14
234.7,273.7,14
237.85,260.8,14
236.05,261.7,14
237.5,256.35,14
236.7,255.75,14
233.2,255.6,14
240.5,259.55,14
247.4,274.55,14
248.1,261.65,14
257.3,266.85,14
259.05,269.25,14
256.45,274.25,14
263.3,275.65,14
266.6,276.45,14
264.2,270.65,14
270.8,275.85,14
281.6,285.2,14
282.4,285.85,14
294.05,253.15,14
268.9,271.4,14
273.5,270,14
269.2,268,14
269.05,267.4,14
268.6,266.55,14
268.1,266.05,14
264.6,264.75,14
262.25,263.65,14
272.25,266.4,14
270.9,265.95,14
271.8,264.65,14
276.6,265.75,14
276.65,264.35,14
276.05,264,14
273.5,262.6,14
276.2,259.65,14
272.3,260.45,14
268.45,259.4,14
268.05,258.95,14
266.2,260.4,14
263.1,257.6,14
263.8,255.6,14
263,253.6,14
258.25,249.25,14
264.4,252.05,14
266.45,250.95,14
265.8,250,14
266.5,248.45,14
267.3,248.8,14
267.7,249.35,14
268.8,245.25,14
268.3,244.8,14
272.5,252.6,14
272.5,254.95,14
274,256.05,14
201.05,218.4,15
202.6,222.6,15
210.45,219.35,15
214.45,219.6,15
227.35,219.3,15
209.4,209,15
214.35,278.3,15
219.65,282.1,15
222.45,283.55,15
223.7,282.35,15
218.75,284.45,15
219.4,287.1,15
225.85,278.05,15
225.75,274.7,15
220.6,275.7,15
220.65,274.05,15
219.8,272.15,15
216.75,272.1,15
223.9,268.55,15
225.75,266.3,15
221.75,263.25,15
220.95,260.6,15
236.15,273.7,15
244.5,269.3,15
232.7,262.3,15
232.5,261.75,15
228.2,259,15
228.15,253.8,15
223.65,254.3,15
235.15,254.75,15
237.9,251.1,15
239.35,251.35,15
240.9,256.5,15
242.5,257.95,15
248.35,254.25,15
253.95,270.45,15
256.4,274.4,15
261.5,272.3,15
261.1,269.6,15
265.35,275.1,15
266.5,276.5,15
269.25,277.4,15
272.1,277.35,15
273.7,280.55,15
274.45,283.85,15
268.75,270.15,15
270.25,268.4,15
270.8,267.15,15
271.15,266.2,15
271.2,265.5,15
272.9,266.05,15
274.35,270.25,15
276,270.25,15
275.65,270.9,15
276.4,273.8,15
277.6,272.95,15
281,270.05,15
278.7,267.25,15
270.85,263.15,15
270,262,15
271.95,259.25,15
270.3,258.7,15
271.2,256.2,15
272.65,255.1,15
266.1,260.25,15
264.3,263.05,15
262.45,257.7,15
261.65,258.4,15
264.75,256.7,15
264.5,255.15,15
265.6,252.05,15
264.6,252.35,15
263.75,251.15,15
266.2,250.15,15
242.15,243.85,15
230.8,243.5,15
242.9,236.8,15
293.25,221.8,15
284.15,212.5,15
196.85,261.9,16
218,283.65,16
218.2,280.65,16
221.5,286.5,16
223.8,284.5,16
227.2,280.45,16
227.3,280.1,16
226.7,279.85,16
225.2,282.75,16
220.7,273.35,16
217.6,268,16
217.3,267.5,16
225.05,266.8,16
219.8,261.1,16
228.4,264.3,16
227.35,257.7,16
230.1,262.2,16
230.9,262.4,16
235.9,262.45,16
239.3,259.7,16
241.1,255.1,16
235.35,251.75,16
230.8,253.5,16
245.15,268.1,16
245.5,268.4,16
248.6,272.95,16
247.2,275.35,16
252.45,258.85,16
256.8,260.25,16
258.7,254.75,16
259.3,250.55,16
258.95,246.05,16
260.2,245.7,16
264,241.3,16
266.7,244.65,16
265.9,256.45,16
264.15,257.85,16
263.45,258.35,16
261.25,261.85,16
262.5,260.45,16
266.25,261.4,16
267.9,259.9,16
268.4,260.35,16
267,262.4,16
267.5,262.95,16
268.6,264.7,16
270.95,265,16
271.2,265.7,16
273.15,266,16
276.35,267.5,16
277,267.85,16
272.55,268.2,16
272.35,269,16
275.05,269.75,16
276.35,270.2,16
274.05,272.5,16
274.05,275.8,16
276.3,277.25,16
274.45,280.3,16
276.15,285,16
284.75,285,16
285.55,285.45,16
264.9,280.05,16
266.25,276.95,16
263.7,275,16
262.65,273.65,16
262.95,273.2,16
262.75,272.2,16
260.65,272.3,16
267.95,272.45,16
267.65,271.9,16
269.05,270.15,16
291,242.45,16
295.25,264.45,16
278.9,218.25,16
280.05,213.4,16
291.45,213.95,16
294.35,213.65,16
200.6,222.65,16
201.55,222.15,16
205.65,218.6,16
210.35,219.4,16
192.35,220.4,16
200.75,224,17
195.75,217.2,17
196.1,218.05,17
192.55,219.65,17
203.7,216.6,17
285.6,209.6,17
285.6,214.05,17
301.05,218.1,17
223.45,288.2,17
224.15,286.4,17
224.15,283.7,17
222.35,284.5,17
224.3,278.3,17
225.7,277.5,17
221.15,275.1,17
223.45,273,17
221.1,272.55,17
221.05,271.25,17
225.95,267.25,17
228.6,266,17
229.2,266.25,17
222.9,260.15,17
229.7,263.65,17
230.3,264.15,17
231,261.35,17
232.35,261.3,17
233.1,263.45,17
238.25,260.45,17
235.75,263.35,17
234.45,260.15,17
235.1,254.8,17
234.9,253.45,17
237.4,256.55,17
237.65,255.65,17
243.2,259.2,17
233.9,244.55,17
239.75,242.55,17
246.2,267.95,17
246.75,268.25,17
246.25,272.25,17
248.8,273.5,17
248.55,277.15,17
255.6,272.7,17
251.15,264.9,17
256.35,260.5,17
254.8,258.75,17
256.15,254.6,17
257.85,250.7,17
258.55,249.9,17
259.05,245.3,17
261.1,244.6,17
263.85,245.25,17
265.25,249.65,17
262.35,251.25,17
268.25,250.55,17
268.6,251.05,17
266.6,256.35,17
266.3,257.4,17
262.75,257.65,17
260.65,256.95,17
267.5,260,17
267.95,260.5,17
267.4,260.85,17
267.95,261.25,17
267.5,264.15,17
267.95,264.55,17
268.4,264.15,17
268.7,264.7,17
271.3,265.75,17
272.7,266.95,17
273,267.4,17
275.05,266.85,17
266.3,266.55,17
268.55,268.5,17
262.55,267.8,17
262.8,268.15,17
261.75,270.45,17
265.4,272.5,17
265.05,274.2,17
263.6,275.15,17
261.85,274.9,17
268.85,277.6,17
271.85,278.75,17
272.8,278.55,17
274.4,275.75,17
274.1,273.15,17
279.15,281.75,17
262.45,279.7,17
304.5,251.45,17
208.5,284.2,18
222.05,277.6,18
227.85,272.75,18
229.95,276.15,18
221.3,267.85,18
227.9,266.65,18
222.8,260.1,18
226.7,258.1,18
231.4,257.95,18
234.5,260.1,18
234.2,263.75,18
237.35,260.9,18
241.2,266.35,18
239.4,270.35,18
240.1,276.4,18
247.7,275.5,18
249.2,270.95,18
233.5,251.75,18
234.95,254.75,18
235.55,248,18
232.75,246.4,18
237.55,237.8,18
244.35,249.2,18
250.55,253,18
251.35,258.75,18
256,257.2,18
253.55,255.75,18
253.95,253.35,18
256.75,250.1,18
258.5,250,18
258.75,248.15,18
260.75,246.8,18
264.95,241.35,18
264.8,248.75,18
260.6,253.8,18
264.4,253.2,18
268.6,253.1,18
266.3,256.2,18
269.4,258.2,18
260.6,256.75,18
259.95,261.55,18
259.5,267.2,18
259.2,269.55,18
256.2,272.55,18
261.75,274.8,18
263,274.75,18
263.4,273.4,18
265.2,271.6,18
266.75,270.1,18
265.9,277,18
269.3,278.55,18
271.5,274.35,18
271.75,273.85,18
273.05,277.25,18
275.1,276.65,18
274.75,280.35,18
272.75,284.85,18
268.65,283.8,18
276.15,284.65,18
277.55,286.35,18
280.5,280.25,18
289.75,283.25,18
276.1,267.95,18
289.25,246.65,18
284.35,241.05,18
217.4,277.7,19
220.5,282,19
224,283.1,19
227.45,285.05,19
230,280.7,19
229.55,280.4,19
230.3,280.35,19
229.95,280.1,19
233.05,280.95,19
235.3,283.4,19
234.7,279.7,19
230.25,276.45,19
229.55,276.05,19
229.9,275.7,19
229.6,275.4,19
220.75,274.9,19
227.05,272.65,19
226.3,270.45,19
221.55,268,19
221.15,267.65,19
231.65,259.55,19
232.6,263.75,19
235.85,261.85,19
237.7,257.75,19
235.2,256.9,19
234.35,252.75,19
242.5,267.45,19
239.7,270.45,19
245.1,272.95,19
246.4,275,19
243.05,276.65,19
240.8,279.9,19
254.25,278.5,19
260.6,277.1,19
263.8,276,19
259.15,273,19
262.05,272.6,19
262.7,271.15,19
261.45,270.25,19
259.25,269.6,19
258.65,272,19
264.35,269.45,19
253,267.75,19
252.4,267.35,19
248.15,263.75,19
259.1,264.1,19
267.15,260.05,19
267.25,260.65,19
270,262.65,19
276.8,269.6,19
278.85,276.55,19
271.55,273.8,19
271.45,275.15,19
268.05,275.8,19
269,277.35,19
270.6,279.3,19
270.85,280.25,19
271.7,278.9,19
269.4,281.75,19
271.15,281.85,19
272.05,284,19
271.95,284.7,19
272.85,284.2,19
273.9,286.7,19
275.3,284.65,19
275.55,282.8,19
285.5,278.95,19
286.35,284.25,19
292,283.55,19
286.35,270.4,19
293.15,271.95,19
238.2,248.5,19
231.95,249.25,19
233.95,248.5,19
232.95,246.15,19
226.2,243.95,19
251.5,252.9,19
256.25,254.95,19
260.05,256.15,19
260.35,253.05,19
261.6,252.85,19
264.45,253.15,19
259.35,248.2,19
259.8,247.55,19
256.8,248.5,19
255.1,249,19
256,245.65,19
252,245.45,19
259.9,243.4,19
262,244.45,19
264.45,243.25,19
264.95,241.9,19
304,220.05,19
296.9,216.7,19
194.2,220.5,20
320.95,268.9,20
316.85,254.5,20
312.35,229.4,20
265.25,226.7,20
260.55,233.7,20
264.45,243.1,20
261.45,246,20
254.1,246.2,20
255.05,248.9,20
256.1,249.25,20
259.45,248.2,20
258.95,251.3,20
257.75,253.6,20
259.25,253.3,20
260.05,253.3,20
263.55,251.05,20
265.85,252.25,20
265.25,254.5,20
263.45,255.8,20
261.75,258.65,20
264.1,260.7,20
265.85,262.85,20
266.85,262.2,20
267.35,262.8,20
267.25,264.25,20
267.7,264.7,20
272.35,258.1,20
255.85,264.6,20
257.7,268.25,20
261.45,269.2,20
267.25,269.2,20
267.65,269.65,20
264.7,272.6,20
262.1,273.8,20
262.65,276.05,20
253.75,274.6,20
254.1,275.85,20
260.45,280.2,20
258.85,281.1,20
263.3,281.45,20
266.7,280.9,20
266.55,277.9,20
269.55,275.25,20
269.9,279.5,20
270.35,282,20
270.25,283.05,20
271.85,282.6,20
273.3,284.25,20
272.75,285.05,20
273.45,281.9,20
276.5,281.3,20
277.7,282.9,20
276.05,279.2,20
273.45,275.45,20
272.15,272.7,20
273.85,271,20
275.75,270.5,20
287.7,271.25,20
299.05,279.6,20
241.9,267.85,20
237.5,271.5,20
240.5,258.05,20
245.35,261.4,20
241.1,264.85,20
233.45,230.8,20
236.95,239.05,20
240.5,247.6,20
232.3,248.45,20
232.25,250.65,20
234.25,252.7,20
235.75,258.2,20
228.95,256.8,20
229.5,260.6,20
230.05,260.8,20
231.75,262.85,20
233.1,262.8,20
227.9,264.05,20
232.7,267.1,20
233.1,267.8,20
232.9,268.9,20
227.45,270.1,20
227.7,272.45,20
228.75,274.6,20
229.9,276.3,20
228.45,282.05,20
227.85,282.9,20
224.7,275.85,20
220.9,274.85,20
215.25,277.05,20
219.3,283.25,20
195.15,188.1,20
194.25,184.25,20
179.7,257.9,21
175.8,262.65,21
174.05,267.45,21
174.4,267.95,21
174.8,271.7,21
219.9,277.75,21
217,282.55,21
221.6,283.15,21
223,281.2,21
223.25,282.5,21
229.4,284.95,21
228.4,282.55,21
229.45,280.75,21
227.45,276.1,21
231.05,276.3,21
231,275.6,21
235.6,278.35,21
242.45,279.3,21
241.5,275.2,21
242.9,273.3,21
238.65,269.9,21
237.1,269.6,21
239.4,268.6,21
236.7,267.75,21
232,269,21
234.45,263.95,21
233.7,262.95,21
239.6,261.5,21
239.3,260.7,21
234,252.9,21
236.3,252.1,21
237,251.55,21
240.1,247.15,21
236.6,238.7,21
245.45,249.3,21
245.7,244.75,21
253.85,242.15,21
250.9,249.9,21
253.6,251.2,21
249.65,259.7,21
252.1,259.5,21
248.4,264.75,21
248.45,267,21
252.05,268.3,21
255.3,261.55,21
255.3,255.95,21
256.1,253.3,21
258.65,253.4,21
258.45,248,21
260,253.2,21
260.7,253.8,21
260.5,255.95,21
259.45,258.3,21
259.85,259.6,21
263.1,259.2,21
265,257.75,21
265.9,253.2,21
268.5,251.95,21
259.6,263.05,21
258.6,267.55,21
260.55,268.2,21
261.8,271,21
258.8,272.6,21
266,268.55,21
280.85,267.15,21
296.6,262.95,21
265.4,274,21
267.25,274.2,21
267.6,274.65,21
270.75,272.85,21
271.95,275.8,21
273.8,275.4,21
275.95,272.95,21
265.65,281.4,21
263.95,279.35,21
268.95,279.75,21
270.55,279.4,21
271.2,280.25,21
273.15,283.85,21
274,287.2,21
278.75,281.6,21
281.4,284,21
282.85,282.85,21
282.8,280.85,21
289.35,282.4,21
317.7,263.7,21
322.65,258.4,21
311.6,226.4,21
311,218.55,21
306.6,213.95,21
306.25,213.45,21
275.3,226.45,21
254.35,227.75,21
202.25,188.1,21
199.05,184.65,21
196.85,186.3,21
196.3,188,21
195.05,188.2,21
194.7,189.35,21
192.85,187,21
192.2,186.5,21
192.15,185.3,21
191.85,185.6,21
191.55,184.95,21
191.85,184.35,21
191.4,184.1,21
185.85,181.2,21
194.3,184.8,21
194.25,184.1,21
218.6,179.4,22
217,178.85,22
199.95,181.75,22
198.55,183.8,22
198,185.05,22
197.15,185.4,22
196.1,186.55,22
194.3,184.75,22
191.5,187.45,22
191.95,187.95,22
194.35,188.85,22
195,189.15,22
197.2,189.45,22
197,187,22
197.4,186.45,22
198.7,186.85,22
199.75,187.65,22
200.15,211.35,22
207.85,245.85,22
180.35,266.45,22
180.65,264.5,22
178.6,262.9,22
174.05,271.5,22
172.75,266.95,22
178.15,258.95,22
180.35,258.75,22
178.1,252.65,22
213.8,282.35,22
214.95,282.35,22
217.3,282.45,22
224,283.6,22
223.15,281.8,22
224.5,281.4,22
225.9,279.7,22
227.6,280.9,22
230.25,284.05,22
230.6,284.5,22
231.65,285.25,22
234.05,285.05,22
233.55,280.8,22
231.45,280.35,22
223.4,276.65,22
227,277.6,22
224.35,272.75,22
223.2,269.9,22
229.85,270.95,22
229.9,271.4,22
232.55,272.05,22
234.95,270.8,22
231.35,267.6,22
230.75,267.1,22
230.95,266.25,22
234.3,263.7,22
240.75,264.25,22
242.8,267.55,22
243.3,268.05,22
242.7,270.25,22
244.2,271.35,22
245.3,271,22
242,274.45,22
247.5,277.15,22
233.6,259.65,22
231.7,259.2,22
238.35,258.3,22
238.35,257.95,22
237.25,256.25,22
231.3,249.65,22
234.2,248.55,22
239.05,250.05,22
241.15,248.3,22
239.45,247.2,22
243.85,244.35,22
245.45,249.05,22
246.5,251.85,22
249.75,251,22
248.25,247.45,22
243.95,252.75,22
243.05,255.4,22
245.65,259.65,22
248.4,260.95,22
251.1,264.55,22
250.1,258.15,22
248.55,255.25,22
257.9,253.5,22
258.4,242.15,22
259.1,237.45,22
266.55,251.7,22
264.3,257.75,22
262.55,259.35,22
266.65,256.95,22
266.25,260,22
262,255.6,22
258.7,266.55,22
260.45,266.6,22
260.85,267.75,22
260.3,268.3,22
261.1,268.35,22
258.05,269.6,22
261.45,272.1,22
263.6,271,22
265.55,271.35,22
262.45,276.35,22
264.2,277.9,22
266.85,277.1,22
267.15,277.65,22
261.4,281.8,22
261.45,282.65,22
267,280.3,22
267.2,280.75,22
268.05,283.35,22
271.7,282.3,22
270.75,287.2,22
273.4,280.45,22
274.25,280.3,22
274.65,277.25,22
273.15,276.05,22
270.75,272.9,22
268.65,272,22
272,269.95,22
275.9,270.35,22
271.05,265.55,22
267.6,263.3,22
237.05,254,22
277.85,286.7,22
280.65,280.85,22
281.85,277.05,22
310.25,263.6,22
326.1,261.95,22
329.25,252.55,22
328.35,252.65,22
308.65,220.65,22
305.75,221,22
305.45,220.6,22
290.15,220.8,22
287.15,218.4,22
167.1,258.35,23
174.6,256.2,23
174.35,262.7,23
172.6,267.15,23
174.1,272.55,23
175.5,270.75,23
174.6,269.2,23
176.55,268.05,23
178,267,23
186.5,266.4,23
182.45,264.45,23
185.3,255.85,23
209.85,284.5,23
219.6,271.75,23
195.8,226.5,23
192.1,222.7,23
191.55,222.3,23
191.75,214.65,23
191.2,214.35,23
195.25,189.3,23
196.75,189,23
198.45,189.9,23
198.45,187.6,23
197.45,185.95,23
201.05,185,23
224.8,184.2,23
222.8,285.55,23
225.85,281.25,23
231.45,282.2,23
230.45,277.55,23
229.95,277.1,23
230.35,271.05,23
229.9,270.65,23
225.85,267.55,23
225.65,267.1,23
231.35,267.5,23
230.75,267.05,23
235,271.15,23
231.05,270.05,23
237.3,267.45,23
236.8,266.9,23
241,267.1,23
242,260.8,23
240.1,259.15,23
232.65,259.6,23
227.9,256.5,23
236.6,257.05,23
237.35,256.45,23
237.15,254.35,23
239.45,253.75,23
244.05,257,23
251.55,258.3,23
248.35,272.1,23
246,271,23
252.35,272.85,23
250.2,278.5,23
258.2,277.15,23
258.3,278.8,23
261.55,281.95,23
263.45,282.95,23
266.65,283.15,23
268.95,278.7,23
269.25,276.25,23
265.25,272.95,23
264.1,271.55,23
265.1,270.05,23
264.45,269.05,23
261.2,268.25,23
262.5,269.1,23
258.8,266.85,23
258.5,269.65,23
258.85,270.25,23
240.45,251.65,23
235.15,252.25,23
233.85,249.15,23
235,245.15,23
237.1,244.95,23
236.4,242.25,23
235.1,240.85,23
230.5,235.95,23
230.7,236.3,23
252.15,245.45,23
254.7,248.25,23
257.65,246.3,23
256.25,238.1,23
259.05,233.1,23
267.85,236.1,23
268.55,236.6,23
264.95,239.65,23
257.25,244.5,23
254.45,254.8,23
257.5,253.6,23
261.85,252.95,23
262.55,257.7,23
262.75,258.1,23
267.6,252.9,23
268.05,253.35,23
263.55,259.2,23
267.4,258.9,23
267.85,259.45,23
265.25,260,23
265.15,262.85,23
268.5,266.6,23
269.2,266.9,23
272,269.75,23
273.4,271.9,23
273.7,274.2,23
272.6,276.95,23
276.55,268.95,23
279.4,265.25,23
273.05,281.25,23
273.65,280.8,23
274.05,281.6,23
275.15,280.55,23
275.8,280.3,23
271.95,284.8,23
275.4,284.8,23
283.85,280.3,23
283.4,277.55,23
286.1,278.55,23
289.2,271.9,23
326.4,261.85,23
323.7,249.4,23
312.95,225.55,23
301.6,220.55,23
301.1,217,23
298.4,216.8,23
278.1,220.65,23
175.6,271.05,24
175.75,269.1,24
173.6,266.75,24
179.15,267.6,24
179.5,261.85,24
182.7,264.55,24
188.85,260.2,24
185.2,255.85,24
174.1,256.35,24
171.55,259.65,24
183.95,228.8,24
188.85,221.15,24
275.95,232.2,24
281.45,218.05,24
284.5,215,24
287.3,215.6,24
254.9,232.2,24
291.85,216.6,24
289.95,220.7,24
290.65,223.1,24
301.3,213.8,24
302.35,223.3,24
303.65,225.65,24
303.5,229.3,24
308.05,229.25,24
306.85,225.6,24
306.15,225.05,24
307.05,221.3,24
306.35,220.85,24
309.3,221.1,24
314.45,216.3,24
317.9,224.1,24
319.25,259.1,24
233.35,240.65,24
244,242.65,24
247.05,242.1,24
256.75,241.45,24
266.4,248.95,24
258.85,247.3,24
255.25,247.65,24
253.85,246.95,24
240.4,246.95,24
234.2,246.05,24
233,250.85,24
234.6,250.55,24
235.55,253.45,24
237.75,255.15,24
239.05,258.65,24
241.75,258.5,24
242.05,252.05,24
245.95,259.35,24
251.25,259.3,24
251.75,257.35,24
252.35,252.7,24
260.4,255.9,24
261.6,250.55,24
263.65,250.55,24
233.8,258.55,24
232.85,259.45,24
232.05,259.55,24
230.4,262.55,24
232.85,261.5,24
235.95,261.5,24
233.75,266.85,24
259.8,265.95,24
257.75,266.5,24
255.6,267.1,24
254.25,265.75,24
219.45,271.9,24
222.85,273.15,24
228.8,273.3,24
229.2,273.7,24
230.85,271.25,24
238.2,271.65,24
240.85,274.15,24
244.8,268.45,24
247.45,270.05,24
253.65,270.3,24
255.45,275.55,24
263.55,269.3,24
264.75,269.45,24
267.55,269.9,24
267.65,270.45,24
269.4,270.3,24
276.25,274.75,24
283.85,272.65,24
276.4,277.55,24
272.65,278.25,24
273.75,275.55,24
271.8,274.3,24
269.35,274.9,24
268.6,275.75,24
268.35,275.35,24
264.95,274.95,24
263.55,274.7,24
261.55,274.5,24
261.35,278.35,24
259.05,280.75,24
255.85,279.7,24
265.85,280.55,24
266.95,279.75,24
267.15,280.3,24
242.6,280.95,24
235.95,281.1,24
234.15,280.05,24
232.25,276.5,24
226.6,279.9,24
229.75,280.25,24
229.95,280.45,24
233.05,282.05,24
218.35,281.7,24
286,282.25,24
281.15,278.55,24
278.8,285.2,24
275.4,283.55,24
270.35,283.4,24
268.55,282.55,24
266.4,283.2,24
267,283.95,24
249.4,282.55,24
237.7,284.15,24
236.95,282.8,24
235.4,286.2,24
231.55,286.8,24
230.5,282.75,24
229.3,282.95,24
229.6,283.25,24
227.55,284.25,24
225,286.05,24
226,287.95,24
218.55,287,24
215.9,282.35,24
180.15,261.55,25
179.55,262.05,25
179.05,267.75,25
178.65,267.35,25
177.7,266.55,25
175.2,264.2,25
170.3,259.2,25
173.2,257.05,25
173.8,256.35,25
198.15,225.7,25
193.3,224.9,25
193.25,230.95,25
190.95,221.65,25
190.4,221.1,25
187.85,221.5,25
184.9,216.8,25
181.7,222.75,25
179.85,221.95,25
178.3,223,25
179.55,225.15,25
234.15,238.2,25
235.95,238.5,25
234.5,241.15,25
266.45,239.15,25
268.05,239,25
268.55,239.55,25
258.65,242.75,25
271.25,244.55,25
284,249.1,25
254.35,247.25,25
237.35,245.05,25
235.8,251.3,25
231.45,252,25
237.7,255,25
242.65,256.8,25
253.05,252.95,25
260.65,255.25,25
264.85,253,25
270.95,255.75,25
266.8,259.95,25
267.25,260.5,25
275.15,268.05,25
275.75,268.4,25
280.4,263.9,25
270.8,270.8,25
268.6,268.05,25
268.2,267.65,25
266.85,267.65,25
266.5,267,25
264.5,265.65,25
257.7,266.45,25
257.55,265.05,25
253.5,263.7,25
249.7,268.45,25
249.8,267.55,25
248.3,264.2,25
246.35,266.75,25
245.15,270.1,25
237.75,262.15,25
233.75,266.65,25
230.45,262.75,25
230.15,262.45,25
223.25,271.2,25
226.6,272,25
227.45,273.4,25
227.75,275.35,25
216.2,279.9,25
218.8,280.2,25
222.65,284.4,25
229.25,282,25
229.55,282.35,25
231.1,281.2,25
232.95,279.75,25
234.25,279.85,25
236.1,281.1,25
235.35,283.1,25
234.75,277.05,25
232.55,277.7,25
232.4,276.55,25
233.65,272.55,25
240.95,275.9,25
241.35,274.75,25
245.95,277.65,25
256.6,279.8,25
258.5,280.5,25
260.4,283.9,25
262.9,283.4,25
263.8,282.15,25
262.3,279.25,25
265,281.2,25
264.9,281.85,25
266.25,281.5,25
267.3,280.8,25
267.75,281.25,25
268.05,283.05,25
268.9,283.55,25
270.9,286,25
278.9,285.05,25
280.7,279.55,25
279.1,276.7,25
271.5,277.1,25
270.5,276.15,25
269.15,273.55,25
268.45,272.1,25
268.05,271.65,25
267.7,272.1,25
267.35,271.65,25
266.5,272.85,25
266.65,273.6,25
271.75,272.45,25
325.65,262.65,25
321.75,262.75,25
319.6,260.45,25
311.4,232.15,25
303.55,231.5,25
307.8,230.35,25
305.55,227.9,25
305.15,227.45,25
299.55,227.95,25
296.85,225.65,25
289.55,227.1,25
287.95,226.5,25
283.8,223.35,25
279.65,218.1,25
276.85,225.4,25
289.6,220.2,25
291,222.9,25
292.85,219.7,25
293.7,216.25,25
298.3,220.2,25
303.15,218,25
303.3,224.55,25
307.35,223.35,25
311.25,224.9,25
312,227.3,25
318.95,225.2,25
320.3,221.55,25
320.95,216.7,25
315.95,216.3,25
310.95,214.25,25
307.1,205.4,25
194.7,189,25
180.5,263.75,26
176.8,270.7,26
176.45,225.75,26
180.95,229.95,26
181.3,230.4,26
180.1,227.2,26
181.55,225.5,26
185.55,218.1,26
189.5,217.8,26
192.4,222.8,26
211.95,222.8,26
211.3,232.15,26
190.95,227,26
191.3,227.35,26
189.55,228,26
190.8,229.25,26
191.2,229.9,26
191.65,230.4,26
188.75,231.8,26
188.15,231.8,26
188.4,229.95,26
188.15,229.3,26
185.5,225.8,26
187,225.8,26
310.8,203.95,26
312.45,202.95,26
318.4,207.7,26
323.8,212.75,26
316.45,212.35,26
311.85,212.9,26
310.4,212,26
312.45,216.7,26
318.65,220.35,26
316.45,224.2,26
316.3,225.35,26
317.8,225.3,26
312.9,222.2,26
309.45,218.15,26
304.85,219.4,26
306.5,223.9,26
305.9,223.55,26
300.5,223.4,26
301.2,225.9,26
304.85,227.8,26
305.6,228.2,26
304.85,229.4,26
304.2,230,26
305.3,231.7,26
305.8,231.95,26
315.8,241.7,26
299.45,231.1,26
300.85,229.95,26
299.1,229.5,26
296.4,227.8,26
290.5,232.2,26
290.7,227.55,26
287.5,226.9,26
285.65,225.6,26
285.6,223.55,26
280.4,223.75,26
288.45,216.7,26
286.3,215.2,26
321.8,258.25,26
236.15,239.4,26
261.75,238.55,26
250.3,247,26
247.5,248.9,26
248.75,251.35,26
236.1,252.5,26
253.35,254.2,26
255.75,255,26
263.7,253.5,26
274.8,250.3,26
266.55,256.2,26
267,256.5,26
267.2,258.6,26
267.75,259.2,26
264,258.5,26
259.55,261.95,26
235.75,260.1,26
230.35,260.75,26
229.75,260.6,26
236.8,262.35,26
235.55,262.95,26
238.35,265.2,26
241.7,263,26
242.2,263.6,26
243.95,265.75,26
246.75,267.2,26
247.2,267.6,26
247.4,266.8,26
250.15,266.9,26
250.95,266.2,26
252.35,268.9,26
251.6,272.15,26
249.8,274.75,26
245,275.75,26
234.1,270.55,26
231.55,270.7,26
233.15,273.2,26
232.15,274.9,26
230.6,275.9,26
230.15,275.55,26
231.1,281.2,26
230.7,284.2,26
232.15,285.2,26
234.7,286.15,26
234.95,284,26
236.5,282.6,26
227.5,282.2,26
260.15,283.6,26
260.5,282.2,26
261.75,280.95,26
267.15,283.3,26
268.75,285,26
270.75,283.55,26
269.15,282.2,26
273.3,279.35,26
278.3,277.1,26
274.9,269.95,26
269.1,273.3,26
266.95,276.6,26
267.4,276.95,26
258.6,277.5,26
258.2,275.15,26
258.15,274.35,26
256,272.75,26
257.95,271.9,26
256.5,267.9,26
256,267.5,26
261.55,269.8,26
260.5,273.15,26
263.2,273.7,26
263.8,273.3,26
263.9,271.6,26
264.5,271.5,26
264.9,268.7,26
269.1,267.7,26
268.7,267.15,26
176.8,272.8,27
176.6,268.5,27
178.65,268.6,27
180,269.45,27
180,267.2,27
181.3,266.1,27
171.3,260.9,27
176.25,220.75,27
179.75,219.6,27
182.15,221.3,27
183.1,222.55,27
185.15,225.9,27
188.5,216.95,27
198.05,220.55,27
195.05,225.65,27
194.55,230.15,27
192.95,232.15,27
195.5,232.1,27
202.9,227.9,27
210.45,231.35,27
285.85,257.8,27
318.25,266.7,27
317.35,251,27
316.05,241.6,27
279.3,216.2,27
288.4,224.7,27
288.35,220.5,27
294.2,220.95,27
295.95,224.6,27
299.35,222.65,27
299.55,225,27
299.5,226.5,27
301.4,224.4,27
302.75,223.75,27
301.95,229.6,27
302.3,230.05,27
305.45,227.95,27
306.15,228.3,27
305.7,230.2,27
306.25,230.7,27
307.5,231.35,27
308,228.05,27
307.25,223.95,27
308.45,222.75,27
310.95,223.2,27
312.65,219.6,27
308.2,217.3,27
309.2,210.25,27
310,204.6,27
318.15,212.15,27
318.25,215,27
316.65,220.35,27
320,218.2,27
320.4,219.75,27
321.6,223.8,27
325.1,218.65,27
218.65,280.8,27
227.45,278.7,27
230.75,285.3,27
232.4,285.2,27
232.85,285.9,27
232.4,282.45,27
232.2,280.7,27
233.55,280.25,27
234.95,282.4,27
236.55,281.65,27
238.75,283.05,27
236.75,277.7,27
234.05,277.8,27
239.6,276.8,27
244.2,276.7,27
231.65,266.65,27
237.6,264.1,27
232.4,261.4,27
234.2,252.05,27
237.85,251.5,27
234.85,246.25,27
254.05,257.1,27
252.6,253.4,27
247.15,256.5,27
258.8,261.6,27
255.6,263.5,27
250.2,265.9,27
245.95,264.65,27
244.05,270.1,27
248,274.1,27
249.8,274.9,27
252.45,269.05,27
258.4,270.2,27
262.55,268.25,27
263.85,269.9,27
263.15,264.2,27
266.25,267.1,27
267.05,267.25,27
267.4,266.1,27
268.05,266.6,27
268.15,265.4,27
268.8,265.8,27
272.35,263.45,27
271.05,259.2,27
267.15,253.8,27
267.55,254.25,27
267.4,250,27
266.95,249.7,27
270.6,253.6,27
273.25,251.6,27
274.15,272.45,27
271.35,269.05,27
270.25,270.4,27
270.05,273.5,27
270.4,275.6,27
269.85,277.3,27
269.8,278.5,27
269.6,281.3,27
269.45,284.25,27
268.05,283.6,27
265.65,282.9,27
264.25,284.6,27
264.35,281.05,27
262.15,279.5,27
261.85,281.8,27
259.75,279.2,27
259.45,275.8,27
262.8,274.25,27
266.35,277.3,27
168.7,258.7,28
175.75,268.5,28
177.45,267.85,28
177.1,267.3,28
178.7,266.2,28
179.1,265.25,28
179.95,269.45,28
176.05,227.85,28
192.35,235.05,28
191.65,230.15,28
191.15,229.75,28
196.6,231.85,28
193.55,226.2,28
195.15,221.7,28
204.7,221.85,28
191.5,220.9,28
191,220.55,28
189.45,218.2,28
181.75,220.5,28
228.35,286.05,28
228.85,286.25,28
230.75,286.35,28
230.15,285.75,28
229.8,285.45,28
227.6,284.1,28
229.15,282.95,28
229.65,283.3,28
231.8,284,28
232.2,285.9,28
232.2,281.9,28
230.75,280.3,28
229.35,279.65,28
229,279.2,28
234.5,280.3,28
235.95,280,28
239,278.15,28
240.9,281.9,28
243.3,277,28
249.85,278.7,28
249.1,276.2,28
255.25,280.9,28
246.35,267.85,28
246.15,267.4,28
244.5,267.2,28
240.25,268.75,28
239.75,267.05,28
234.65,263.85,28
244.65,259.95,28
247.15,256.4,28
243.35,250.2,28
233.45,252,28
250.25,266,28
258.8,257.65,28
261.15,255.9,28
259.6,264.2,28
258.6,267.25,28
263.4,266.7,28
264.3,261.8,28
268.25,261.35,28
268.6,261.8,28
270.4,262.1,28
271.1,259.3,28
270.75,258.5,28
272.2,258.9,28
273.3,259.45,28
273.3,260.75,28
275.6,261.6,28
271.4,265.65,28
269.7,266.2,28
274,268.05,28
272.5,272.25,28
271.9,272.6,28
269.95,273.65,28
270.35,275.7,28
264.55,275.3,28
263.85,279.35,28
264.55,280.7,28
261.05,283.05,28
263.55,283.35,28
266.6,284.55,28
266.4,283.75,28
266.15,283.45,28
266.3,282.35,28
267.25,280.95,28
266.85,280.3,28
269.7,281.5,28
270.2,280.8,28
269.5,284.25,28
269.5,284.95,28
270.4,287.3,28
311.5,247.95,28
308.05,241.1,28
292.25,230.3,28
297.55,231.9,28
298.3,229.05,28
298.85,226.65,28
301.65,230.65,28
304.35,230.35,28
305.5,232.75,28
305.85,232.9,28
302.7,226.3,28
304.85,223.65,28
308.25,219.45,28
310.35,225.05,28
307.95,226.3,28
308.25,227.85,28
308.45,229.15,28
310.35,228.85,28
310.9,230.15,28
313.7,223.65,28
315.65,217.35,28
325.25,218.55,28
171.8,229.6,29
171.4,229.3,29
181.55,222.15,29
179.75,220.55,29
190.75,219.35,29
191,219.95,29
190.95,225.5,29
191.35,226,29
190.55,226.6,29
194.55,230.1,29
198.15,231.8,29
197.8,224,29
197.1,224.15,29
192.4,235.35,29
191.75,234.7,29
188,233.2,29
185.95,237.8,29
178.75,266.35,29
319.6,244.5,29
311.8,207.7,29
318.15,218.3,29
316.55,221.35,29
315.65,220.8,29
310.65,214.55,29
307.05,218,29
311,222,29
310.3,221.9,29
309.25,223.25,29
310.9,224.4,29
311.8,223.9,29
312.2,224.6,29
313.7,225.2,29
313.45,227.75,29
313.2,230.95,29
311.2,228.55,29
304.6,232.2,29
301.9,228.1,29
303.6,225.45,29
303.4,224.35,29
304.45,221.35,29
302.25,220.25,29
301.5,217.9,29
298.7,218.9,29
297.8,221.8,29
300.05,224.35,29
299.95,226.15,29
299.6,232.15,29
298.7,229.85,29
298.35,229.3,29
297.15,228.45,29
294.4,227.9,29
293.75,227.6,29
290.5,230.65,29
293.05,232.6,29
293.75,231.55,29
288.4,229.6,29
288.15,229.15,29
297.05,256.55,29
233.5,247.75,29
230.15,251.4,29
230.65,251.85,29
231.25,255.7,29
236.25,260.25,29
240.35,254.55,29
226.45,269.35,29
231.15,267.9,29
231.6,268.45,29
238.75,266.4,29
237.7,267.8,29
238.1,268.25,29
243,267.4,29
243.85,265.5,29
248.05,263.6,29
250.05,264.75,29
256.65,264.75,29
259.6,264.25,29
261.75,249.85,29
262.45,255.9,29
263.3,257.95,29
266.5,255.95,29
266.75,260.05,29
267.35,260.75,29
269.15,263.05,29
274.2,262.6,29
264.7,266.4,29
268.2,268.6,29
268.55,269.05,29
274.2,268.8,29
271.9,271.3,29
271.65,271.95,29
265.1,269.6,29
271.75,277.55,29
268.25,275.4,29
267.85,275.05,29
265.1,274.5,29
267,278.3,29
267.5,278.7,29
265.3,279.1,29
266.65,280,29
269.7,285.2,29
261.95,281.4,29
262.7,280.15,29
262.45,279.65,29
255.4,281.15,29
250.75,283.95,29
246.75,279.3,29
248.9,276.65,29
247.55,271.9,29
244.1,276.5,29
243.45,277.05,29
239,280.25,29
238.3,279.85,29
236,281.5,29
235.15,282.15,29
234.35,282.2,29
233.85,283.5,29
232.2,286.05,29
230.25,285.85,29
229.75,285.5,29
230,284.55,29
229.65,284.35,29
231.4,277.55,29
232.55,273.65,29
180.35,217.5,30
179.85,220.55,30
185.25,236.15,30
185.9,237.85,30
186.5,228.8,30
190.6,226.8,30
190.95,227.4,30
192,227.3,30
192.8,227.65,30
192.8,229.1,30
191.8,225.1,30
191.35,224.55,30
196.15,223.7,30
196.3,217.8,30
194.75,235,30
323.35,219.8,30
321.45,221.1,30
317,219.4,30
315.7,221.75,30
314.75,222.8,30
311.25,217.25,30
311.8,228.9,30
312.7,227.05,30
312.35,224.55,30
310.45,223.65,30
309.35,222.35,30
310.05,227.65,30
310.45,228.55,30
307.15,227.95,30
306.3,223.45,30
305.9,222.95,30
306.5,219.75,30
302.65,220.95,30
299.05,218.75,30
304.6,224.75,30
301.5,229.7,30
299.3,225.9,30
299.55,224.85,30
297.2,222.2,30
295.35,221.4,30
293.7,220.85,30
293.6,224.2,30
293.6,225.45,30
295.05,225.65,30
296.7,225.2,30
296.45,227.25,30
298.05,228.9,30
293.7,230.2,30
293.45,229.75,30
293,229.2,30
292.35,228.9,30
291.45,228.8,30
290.4,225.8,30
291.35,224.1,30
293.6,227.3,30
296.15,233.6,30
288.35,231.2,30
285.9,235.05,30
286.4,236.5,30
283.45,218.95,30
321.85,254.1,30
318.85,254.7,30
291.7,261.2,30
287.65,259.65,30
285.85,256.8,30
286.75,255.35,30
267.5,250.2,30
267.75,250.55,30
250.05,239.25,30
267.35,259.8,30
261.55,259.95,30
260.2,260.2,30
269.15,262.9,30
269.35,264.7,30
271.85,267.2,30
271.45,268.8,30
277.3,269.15,30
276.5,263.45,30
274.35,262.75,30
273.85,263.6,30
255.6,271.05,30
259.05,278,30
258.3,276.25,30
249.4,266.9,30
265.65,273.55,30
262.05,277.15,30
262.8,279.2,30
267.55,277.2,30
267.95,277.65,30
266.3,280.95,30
266.05,282.3,30
267.2,284.65,30
267.6,285.3,30
269.35,283.85,30
265.05,281.15,30
209.3,249.85,30
232.9,255.05,30
231.5,255.85,30
240.5,254.4,30
238.4,262.4,30
232.85,265.85,30
245.3,269.6,30
244.1,276.45,30
235.8,277.75,30
234.6,279.1,30
231.9,278.7,30
231.9,281.45,30
231.4,282.15,30
228.9,283.2,30
228,286.9,30
230.3,286.1,30
229.95,285.85,30
232.55,283.25,30
234.2,283.2,30
234.5,283.95,30
234.4,280.75,30
280,241.95,30
183.35,217.8,31
182.6,224.05,31
187.6,223.6,31
187.95,228.3,31
182.15,233.65,31
184.95,238.7,31
189.5,244.55,31
197.3,240.55,31
201.4,227.2,31
203.2,224.3,31
199.75,225.7,31
199.4,225,31
195.9,224.55,31
196.3,217.8,31
285.15,229.45,31
286.95,229.35,31
286.65,228.9,31
284.1,224.75,31
287.6,222.1,31
291.55,224.2,31
293.75,222.35,31
293.8,220.9,31
294.25,224.7,31
295.45,223.8,31
298.4,222,31
300.2,222.4,31
301,223.9,31
300.1,225.7,31
301.85,225.45,31
301.9,226.9,31
303.05,228.25,31
300.45,230.25,31
296.35,228.8,31
302.5,244.85,31
312.25,239.35,31
315.25,233.95,31
318.6,235.9,31
322.7,231.7,31
308.15,230.35,31
307.8,228.9,31
311.75,228.25,31
309.8,226.95,31
308.8,225.6,31
309.2,223.6,31
312.95,223.45,31
313.85,224.7,31
313.75,225.95,31
316.35,224.15,31
314.45,222.3,31
316.8,221.65,31
318.45,245.6,31
319.25,247.85,31
322.65,254.85,31
320.2,256.6,31
319.55,256.55,31
318.2,254,31
270.5,286.45,31
270.75,280.85,31
266.1,282.3,31
258.2,281.05,31
257.75,280.1,31
254.35,280.4,31
248.7,280.65,31
234.95,283.1,31
234.15,283.25,31
233.3,283,31
232.85,281.95,31
233.15,280.5,31
234.15,279.2,31
227.45,281.35,31
232.3,274.6,31
231.95,273.95,31
238.9,277.2,31
239.75,273.3,31
237.75,267.45,31
237.4,267.15,31
238.5,262.35,31
248.15,268.05,31
250.85,275.75,31
258.75,277.7,31
263.2,278.45,31
263.9,277.35,31
263.35,276.65,31
265.45,277.5,31
266.15,276.65,31
266.2,272.2,31
265,272.1,31
263.75,270.65,31
265.05,268.5,31
259.95,268.5,31
275.25,269.85,31
274.1,265.85,31
276.65,264,31
272.1,264.5,31
269.2,262.7,31
268.45,263.05,31
267.9,262.45,31
263.9,257.65,31
264.4,255.45,31
261.7,255,31
282.6,254.7,31
277.3,255.75,31
275.15,253.25,31
277.95,251.45,31
273.55,242.3,31
269.3,249.55,31
267.05,247.9,31
266.6,247.25,31
182.1,233.35,32
182.45,235.1,32
185,238.65,32
193.05,238.5,32
185.2,224.55,32
198.5,226,32
198.95,227.3,32
203.3,224.45,32
318.5,225.15,32
314.3,224.3,32
303.1,225.85,32
301.6,226.95,32
300.6,222.35,32
297.9,224.25,32
285.45,229.05,32
281.3,226.7,32
315.6,233.9,32
322.1,239.1,32
319.3,250.3,32
321.7,251.3,32
323.45,254.75,32
325,253.3,32
277.1,244.45,32
273.45,242.1,32
273.95,247.6,32
269.25,249.65,32
258.25,255.4,32
270.1,254.4,32
271.35,259.1,32
277.45,255.85,32
268.75,262.7,32
268.5,262.3,32
266.55,263,32
266.95,263.3,32
266.7,267.25,32
267.15,267.45,32
267.5,267.8,32
271.65,268.8,32
276.65,269.05,32
279.55,265.85,32
274.75,282.95,32
268.95,279.7,32
268.9,281.95,32
272.15,274.9,32
268.25,273.15,32
267.9,272.7,32
261.1,270.5,32
253.25,265.15,32
262.15,278.45,32
260.9,275.55,32
249.45,283.1,32
248.75,278.1,32
239.55,278.9,32
239.7,278.3,32
240.3,269.65,32
236.85,279.25,32
237.7,277.25,32
235.55,277.55,32
233.3,276.75,32
232.15,274.7,32
232.25,273.95,32
224.7,269.5,32
229.15,277.35,32
229.65,277.85,32
226.45,278.1,32
231.5,283.55,32
233.9,284.7,32
179.6,241,33
179.9,232,33
182.25,232.2,33
178.45,224.95,33
185,224.25,33
186.65,229.85,33
190.6,226.65,33
191.2,222.85,33
190.85,222.45,33
199.1,226.8,33
214.85,228.25,33
214.65,223.2,33
213.5,210.4,33
226,244.65,33
224.25,241.05,33
226.9,238.75,33
235.65,240.4,33
286.3,208.55,33
286.3,206.2,33
277.45,197.25,33
321.05,259.05,33
317.85,253.75,33
321.65,245.85,33
318.25,243.9,33
319.85,239.9,33
314.8,240.3,33
316.8,235.25,33
231.05,263.2,33
237.15,265.3,33
238.2,265.6,33
231.7,269.4,33
232.3,276.15,33
235.85,274.3,33
238.15,274.85,33
236.25,279.35,33
235.45,280.55,33
234.25,280.7,33
240.9,277.9,33
243.65,273.2,33
241.35,271.8,33
249.3,270.85,33
253.15,284.65,33
270.45,284.3,33
261.55,281.25,33
259.7,276.65,33
263.75,278.3,33
265.6,278.15,33
271.7,279.3,33
269.65,278.45,33
267.25,274.95,33
266.95,274.25,33
265.5,275.5,33
263.55,274.45,33
264.45,271.45,33
266.5,270.95,33
268.35,267.75,33
267.9,267.3,33
267.25,267.35,33
266.85,266.85,33
271.6,271.75,33
272.35,274.95,33
269.75,275.6,33
277.05,273.5,33
276.05,271.5,33
275.25,285.35,33
276.95,265.9,33
273.5,265,33
276.35,260.95,33
270.55,261.05,33
264.9,261.3,33
264.95,264.65,33
263.4,260.5,33
283.9,258.65,33
291.7,268.65,33
267.2,255.8,33
267.5,256.25,33
270.55,253.1,33
272.3,254.95,33
273.55,252.65,33
268.4,251.55,33
267.9,250.9,33
271.2,248.25,33
274.85,245.15,33
274.9,244.6,33
278.1,213.6,33
193.75,241.9,34
211.85,229.3,34
212.05,229.9,34
228.2,240.45,34
234.65,233.05,34
231.25,263.15,34
240.2,269.05,34
235.95,274.5,34
232.35,276.3,34
234.4,280.6,34
239.75,276.7,34
252,270.1,34
259.85,276.5,34
263.75,278.3,34
270,279.9,34
270.9,277.3,34
267.5,268.4,34
267.25,267.95,34
264.75,268.35,34
264.95,264.55,34
267.15,265.1,34
267.65,265.5,34
267.75,263.7,34
267.25,263.35,34
267.25,259.4,34
266.65,258.95,34
262.5,254,34
262.3,252.4,34
261.5,250.65,34
270.45,255.45,34
276.45,254.2,34
285.6,250.05,34
272.95,238.35,34
284.15,258.3,34
285.35,259.2,34
281.4,265.7,34
278.5,267.25,34
275.55,266.25,34
275.3,264.3,34
273.3,264.5,34
270.1,263.1,34
274.9,268.2,34
275.25,270.85,34
275,233.85,34
274.35,230.2,34
274.2,229.6,34
308.45,242.8,34
316.25,238.45,34
318.6,244.25,34
321.3,230,34
280.3,214.15,34
277.8,212.65,34
281.75,210.9,34
285.2,206.55,34
223.8,191.6,35
223.5,191.15,35
277.1,208.45,35
227.05,229.75,35
226.8,229.3,35
221.4,232.35,35
225.6,237.7,35
230.9,237.55,35
236.5,253.55,35
235.4,257.35,35
225.9,265.15,35
223.05,269.4,35
233.45,273.45,35
238.4,271.2,35
231.6,283,35
226.1,283.25,35
226.05,279.55,35
274.7,281.6,35
266.7,277.35,35
281.05,270.35,35
274.65,268.75,35
270.45,270.2,35
267.85,268.3,35
267.35,268.15,35
267.1,267.4,35
262.65,267.2,35
260.95,263.15,35
262.7,257.1,35
262.85,255.5,35
264.5,256.9,35
267.45,254.6,35
267.85,255.15,35
270.25,253.55,35
270.9,248,35
273.55,253.4,35
272.85,257.6,35
276.25,263,35
269.7,262.75,35
269.95,264.7,35
282.65,266.1,35
282.65,263.7,35
278.55,259.8,35
304.45,271.7,35
309.35,256.15,35
306.35,253.3,35
305.95,253,35
300.9,242.6,35
280.5,242.5,35
277.65,234.55,35
312.5,240.5,35
319.7,242.5,35
322.45,242.15,35
320.3,248.7,35
318.1,257.9,35
184.65,210.75,35
221.1,212.1,36
218.6,209.8,36
216.2,214.3,36
213.3,213,36
289.95,202.7,36
277.5,199.6,36
282.5,204,36
285.7,206.8,36
279.85,206.45,36
277.75,204.25,36
280.9,210.6,36
281.95,211.9,36
286.35,215.6,36
288.1,220.6,36
278.9,221.05,36
319.9,217.6,36
298.8,234.05,36
300,243.05,36
269.7,233.35,36
266.75,239.55,36
273.85,242.1,36
270.55,244.1,36
272.65,244.5,36
267.95,246.9,36
268.45,247.15,36
263.95,248.85,36
269.15,251.9,36
270.45,252.55,36
270.15,256.05,36
269,256.85,36
265.95,255.35,36
265.6,258.15,36
262.65,257.05,36
267.2,259.55,36
267.75,259.85,36
269.95,262.55,36
270.05,264.55,36
274.95,267.55,36
275.35,262.45,36
275.6,261.7,36
271.95,259.25,36
278.35,261.7,36
283.75,261.55,36
281.65,258.65,36
280.35,258.95,36
277.8,255.35,36
275.65,254.1,36
277.25,252.5,36
280.55,252.3,36
230.95,237.7,36
230.5,237.15,36
223.15,236.7,36
220.15,237.2,36
225.95,252.9,36
232.4,253.15,36
235.1,271.45,36
232.85,272.9,36
237.3,276.65,36
231.55,281.45,36
251.75,282.15,36
250.25,278.45,36
253.3,274.95,36
264.5,275.95,36
262.9,269.5,36
218.25,193.65,37
225.15,200,37
217.65,199.45,37
220.25,203.4,37
222.75,206.6,37
222.4,209.2,37
223.8,210.3,37
219.35,208.75,37
216.1,211.05,37
218.5,211.35,37
220.55,212.85,37
220.5,214.45,37
275.9,192.35,37
280,196.65,37
280.35,198.35,37
279.3,198.6,37
277.55,199.55,37
279,202.35,37
281.35,205.85,37
279.95,208.55,37
280.35,211.65,37
283.5,212.95,37
293.6,209.85,37
308,214.45,37
282.7,217.65,37
280.95,218.6,37
276.5,229.1,37
277.2,238.25,37
280.4,241,37
272.85,235.9,37
269.45,237.1,37
272.2,240.5,37
273.9,242.05,37
272.7,244.7,37
269.6,245.2,37
271.1,247.7,37
264.9,245.2,37
267.2,252.2,37
267.7,252.5,37
266.1,253.2,37
261.85,254.8,37
260.2,255.2,37
260.2,251.6,37
262.9,258.1,37
266.2,257.85,37
271,261.4,37
272.25,264.9,37
275.7,261.85,37
274.3,259.05,37
275.1,257.65,37
274.4,256.6,37
275.7,254.3,37
280.65,258.7,37
283.7,261.45,37
302.15,266.85,37
276.95,272.45,37
266,276.3,37
264.8,273.25,37
262.8,275.7,37
247.5,269.05,37
229.95,264.65,37
229.6,264.25,37
215.55,275.1,37
217.55,199.35,38
215.5,201.7,38
215.95,205.35,38
219.15,206.1,38
220.45,205.1,38
218.5,209.25,38
216.55,211.65,38
216.85,214.65,38
272.15,183.8,38
283.15,203.35,38
286.7,206.9,38
281.1,205.35,38
281.15,206.25,38
277.2,208.85,38
283.55,211.05,38
282.35,214.85,38
285.5,215.75,38
285.6,220.15,38
287.4,223.45,38
281,218.65,38
281.5,216.9,38
310.35,216.25,38
301.1,256.6,38
270.95,231.85,38
278.55,241.7,38
275.4,240.6,38
275,243.5,38
271.6,246.65,38
268.25,245.85,38
267.8,245.45,38
275.25,249.9,38
274.65,255,38
276.4,259.05,38
269.55,256.3,38
267.8,257.45,38
267.2,256.8,38
262.4,257.2,38
233.35,249.6,38
235.45,243,38
221.25,239.7,38
220.55,241,38
212.05,235.9,38
218.4,264.05,38
209.25,270.1,38
237.8,273.55,38
264.95,273.25,38
199.35,262.2,39
231.55,275,39
224.55,253.9,39
223.15,247.6,39
259.15,277.8,39
262.9,267.75,39
263.1,268.3,39
265.75,259.45,39
271.85,255.65,39
268.15,254.1,39
267.8,253.55,39
279.1,262.35,39
280.65,255.4,39
277.05,254.5,39
287.1,254.75,39
285.2,251.5,39
306.9,251.55,39
274.5,248.95,39
268.2,249.95,39
267.95,249.5,39
268.35,248.4,39
267.85,247.95,39
266.25,248.1,39
264.1,247.75,39
268,244.3,39
267.6,243.85,39
264.45,240.75,39
269.4,243.45,39
274.15,239.65,39
275.45,237.75,39
271.75,236.7,39
282.15,235.95,39
280.75,232.3,39
270.35,230.05,39
270,229.55,39
265.35,234.25,39
274.45,223.75,39
279.75,222.7,39
286.85,226.65,39
287.35,221.15,39
288.6,220.05,39
275.25,213.3,39
280.75,209.1,39
281.75,208.3,39
275.45,193.8,39
222.8,193.7,39
215.55,201.45,39
216.8,203.2,39
216.7,204.6,39
217.35,205.9,39
220.5,205.1,39
218.1,207.85,39
213.3,208.3,39
216.55,210.9,39
216.6,211.8,39
214.3,214.6,39
217.1,203.35,40
216.9,210.5,40
214.75,211.75,40
205.35,219.75,40
198.85,262.65,40
203.55,264.45,40
217.15,254.35,40
222.05,262.35,40
223.75,245.05,40
229.45,245.1,40
230,245.55,40
245.65,265.1,40
259.25,277.65,40
296.9,262.5,40
273.8,264.3,40
265.3,255.9,40
267.45,253.05,40
267.25,252.65,40
263.9,250,40
265.3,244,40
264.65,243,40
264.85,241.25,40
268.05,241.45,40
268.3,241.8,40
267,244.9,40
267.2,245.45,40
273.1,243.45,40
272.8,245.6,40
274.9,247.6,40
285.65,251.25,40
275.8,253.8,40
274.4,253.65,40
271.25,252.85,40
270.1,249.6,40
268.2,250.2,40
267.85,249.7,40
278.2,240,40
283.3,238.45,40
282.25,236.1,40
282.25,235.2,40
269.8,235.45,40
282.7,228.5,40
283.05,222.65,40
274.6,223.85,40
306,219.3,40
305.6,218.95,40
285.15,210.55,40
285.95,229.3,40
232.95,193.95,41
219.2,211.55,41
221.7,226.25,41
223.35,223.55,41
227.55,225.25,41
228.75,229.7,41
229.15,230.05,41
221.25,247,41
229.55,253,41
249.25,278.7,41
249.05,283,41
273.75,264.4,41
275.35,258.1,41
268.8,256.6,41
269.15,254.3,41
267.1,254.9,41
266.75,254.4,41
266,251.9,41
260.75,251.4,41
264.15,247,41
266.6,248.6,41
271.35,249.2,41
275.6,250.55,41
282.55,248.3,41
275.35,243,41
277.35,241.95,41
267.9,242.2,41
267.4,241.6,41
268.1,240,41
270.9,237.8,41
272.35,237.75,41
276.2,234.6,41
270.5,233.15,41
270.35,228.9,41
282,238.95,41
316.95,226.5,41
281.45,214.7,41
284.1,151.95,41
193.2,218.45,42
195.65,215,42
222.65,229.8,42
226.2,234.5,42
222.45,250.4,42
218.4,248.4,42
216.15,257.35,42
207.05,260.35,42
286.55,258.7,42
272.85,258.55,42
271.3,253.25,42
269.05,249.85,42
273.15,247.75,42
277.2,247.85,42
285.15,250,42
292,247.65,42
284.4,241.5,42
281.25,241.4,42
280.2,240.65,42
281.6,238.4,42
282.9,238.7,42
275.8,237.15,42
275.4,240.85,42
275.05,242.3,42
277.6,242.05,42
271.95,240.75,42
272.4,238,42
268.05,240.2,42
267.6,239.85,42
284.2,232.05,42
285.15,231.75,42
274.7,224.15,42
277.95,223.15,42
281.85,220.85,42
287.55,221.2,42
283.5,212.85,42
277.1,220.05,42
275.7,220.45,42
284.3,156.25,42
282.15,154.35,42
284.15,150.75,43
213.35,214.2,43
218.6,221.05,43
223.4,223.65,43
222.65,226.65,43
218.4,227.05,43
216.55,226.4,43
214.6,228.25,43
206.95,226.45,43
186.55,222.1,43
222.2,239.2,43
209.55,237.9,43
214.65,246.65,43
210.8,246.1,43
222.6,247.3,43
222.8,250.5,43
229.55,249.05,43
228.95,248.7,43
217.75,259.8,43
215.25,259.8,43
249.15,273.3,43
286.5,258.65,43
283.5,256.8,43
277.5,250.05,43
280.55,243.85,43
283.35,243.15,43
285.8,243.85,43
271.7,240.75,43
273.95,235.45,43
272.4,234.2,43
278.5,228.25,43
277,225.2,43
284.5,230.4,43
285.15,231.4,43
287.5,221.3,43
287.7,217.8,43
290.7,211.85,43
210.05,210.95,44
223.3,223.55,44
224.45,218.25,44
219.6,228.95,44
214.6,259.8,44
217.75,259.85,44
283.6,256.9,44
285.9,253.95,44
287.65,251.5,44
289.5,250.1,44
285.7,250.1,44
276.6,247.2,44
275.65,248.6,44
269.7,253,44
289.5,241.3,44
285.65,244.1,44
273.9,240.7,44
275,238.55,44
270.9,238.15,44
273.8,235.55,44
274.4,233.55,44
278.6,233.5,44
283.6,234.3,44
283.9,232.55,44
286,230.15,44
285.3,229.8,44
284.9,229.35,44
278.45,228.35,44
277,230,44
282.5,225.1,44
285.25,220.9,44
280.85,219.95,44
289.05,216.5,44
287.9,212.9,44
287.3,225.35,44
281.1,158,44
278,160.65,44
211.8,236.65,45
230.9,230.15,45
221.7,225.05,45
224.9,222.45,45
224.7,218.15,45
221,215.75,45
218.9,214.45,45
217.9,218.95,45
216.2,216.15,45
215.5,213.35,45
280.6,214.7,45
284.2,215.3,45
283.5,219.75,45
282.2,220.55,45
281,220.1,45
275.4,229.75,45
280.8,230.75,45
286.25,232.65,45
286.85,232.05,45
287.1,230.15,45
286.1,229.75,45
296.8,229.35,45
297.25,233.25,45
289.5,250.05,45
284.45,249.25,45
284.65,158.35,45
284.35,154.7,46
279.3,162,46
219.2,213.9,46
219.05,217.6,46
206.85,226.55,46
207.8,224.9,46
217.15,218.55,46
290.85,247.3,46
295.35,227.1,46
281.35,226.85,46
286.35,222.55,46
285.8,220.9,46
300.55,229.75,47
300.75,230.1,47
289.2,236.9,47
290.55,216,47
211.15,225.55,47
201.4,228.6,47
206.55,248.55,47
210.9,245.8,47
279.7,194.3,47
277.55,158.2,48
202.25,222,48
196.6,234.35,48
202.85,239.95,48
218.1,223.1,48
296.25,253.75,48
295.05,256.15,48
275.95,230.6,48
284.1,157.8,49
209.2,224.5,49
194,227.35,49
196.55,234.35,49
296.4,253.6,49
288.95,158.35,50
279,159.6,50
276.8,160.5,50
284.05,163.75,50
283.6,166.9,50
281.6,170.95,50
259.05,174.2,50
277.3,197.3,50
298.4,235.1,50
201.2,228.5,50
201.8,232.85,50
195.85,232.2,50
200.8,241.1,50
202.75,253.2,50
285.45,165.5,51
283.95,164,51
283.8,160.75,51
280.35,163.5,51
278.8,160.6,51
203.15,242.55,51
201.5,246.6,51
203.25,255.35,51
205.25,257.35,51
284.85,162.55,52
281.5,163.05,52
279.75,167.05,52
251.1,178.2,52
201.65,247,52
205.6,257.4,52
268.6,189.75,53
268.15,189.15,53
239.6,192.55,53
233.15,192.95,53
236.8,190.95,53
237.3,191.6,53
287.15,162.4,53
286,162.95,53
285.2,161.9,53
236.6,197.85,54
235.1,189.95,54
223.95,200.8,55
231.95,202.45,55
234.5,204.65,55
238.15,204.65,55
238.75,203.2,55
239.5,202.85,55
240.4,202.7,55
237.75,202.35,55
237.15,202.5,55
238.95,198.85,55
239.35,197.65,55
239.8,197.65,55
237.2,197.4,55
236.8,196.45,55
235.45,195.35,55
231.25,209.25,56
231.35,207.25,56
236.2,206,56
235.5,203.8,56
235.35,202,56
231,198.55,56
234.15,198.6,56
236.25,197.45,56
236.9,196.3,56
237.55,194.15,56
234.95,191.45,56
234.45,191.05,56
228.2,184.7,56
240.75,200.2,56
237.55,200.4,56
237.05,200.25,56
237.95,201,56
237.9,202.1,56
237.1,202.7,56
239.05,201.3,56
240.35,202.7,56
240.85,203.4,56
241.6,202.65,56
242.4,202.8,56
268.75,197.25,56
282.5,166.35,57
281.3,176.25,57
285.75,177.8,57
280.65,193.55,57
263.15,201.35,57
265.65,206.15,57
232.65,190.75,57
237.1,194.7,57
240.1,197.05,57
236.3,197.15,57
235.95,198.85,57
238.3,199.7,57
240.35,200.7,57
242.45,202.85,57
241.55,203.1,57
241.45,204.05,57
241.25,205.25,57
240.85,206.15,57
240.15,206.35,57
239.35,207.6,57
238.8,203.85,57
236.9,203.8,57
235.95,202.85,57
237.05,200.45,57
235.4,201.4,57
234.9,200.95,57
234.45,202.1,57
233.15,201.6,57
231.5,203.45,57
229.8,202.15,57
229.45,201.7,57
228.55,200.25,57
228.65,199.35,57
227.3,199.55,57
231.9,206.4,57
233.05,207,57
234.35,205.25,57
233.95,204.75,57
233.3,204.7,57
233.8,203.35,57
235.1,204.3,57
236.15,205.25,57
234.9,206.4,57
234.4,206.75,57
236.15,207.15,57
235.25,208.65,57
234.35,209.8,57
231.15,209.25,57
229.55,207.75,57
229,207.35,57
228.5,199.45,58
228.95,199.75,58
232.25,199.05,58
235.7,199.4,58
236.45,200.25,58
234.7,201.9,58
233.6,201.7,58
232.5,201.4,58
229.8,202.1,58
229.3,201.7,58
229.6,203.55,58
229.3,203.35,58
231.7,204.5,58
233.75,203.9,58
233.35,203.3,58
234.95,203.85,58
235.65,203.85,58
237.8,204.35,58
238.85,205.15,58
238.35,206.1,58
238.65,206.65,58
241.55,205.15,58
241.15,206.45,58
241.25,203.75,58
241.15,202.7,58
239.65,203.15,58
235.75,205.95,58
235.2,206.75,58
235.15,207.35,58
236.5,207.95,58
234.1,206.9,58
232.75,207.2,58
233.05,207.95,58
232.2,210.3,58
231.6,211.95,58
233.95,210.9,58
234.3,211.6,58
234.85,210.1,58
289.9,210.75,58
251.25,188.9,59
231.55,193.4,59
243,202.75,59
241.35,202.8,59
241.25,203.6,59
238.45,202.95,59
235,202.55,59
234.4,202.8,59
234.55,205,59
231.45,205.9,59
232.35,207.8,59
232.75,208.6,59
232.6,210.6,59
233.35,210.35,59
234.45,211.75,59
236,211.35,59
234.4,209.3,59
234.75,207.1,59
237.25,208.8,59
238.45,208.95,59
239.95,207.9,59
238.75,207.8,59
238.35,207.35,59
239,206.95,59
237.55,206.2,59
240.6,206.7,59
240.65,205.7,59
259.8,202.8,59
268.6,197.55,59
276.6,196.6,59
281.45,193,59
277,185.3,59
274.75,183.4,59
222.75,202.45,60
232.1,208.05,60
233.45,208.75,60
234.65,209.5,60
239.1,210.55,60
238.65,209.25,60
238.35,207.85,60
238.55,205.8,60
240.15,203.5,60
262.4,191.55,60
266.6,192,60
267.65,191,60
272.05,193.65,60
217.6,200.75,61
226.95,210.65,61
231.05,210.6,61
231.95,212.05,61
236.2,209.6,61
237.2,207.25,61
267.8,197.35,61
267.65,196.8,61
273.45,199.05,61
272.45,195.15,61
271.8,195,61
269.35,190.65,61
276.75,186.25,61
275,182.6,61
272.8,185.25,61
272,177.45,61
214.5,208.25,62
218.45,214.1,62
222.05,200.3,62
269.1,175.9,62
275.3,182.4,62
272.45,185.15,62
290.85,176.65,62
280.6,196.85,62
279.45,202.5,62
269.1,198.5,62
266.65,196.4,62
269.8,194.95,62
265.55,192.85,62
264.5,189.85,62
228.2,175.8,63
229.7,180,63
230.3,180.45,63
233.4,187.45,63
267.55,195.65,63
268.15,196.2,63
275.75,199.7,63
279.6,202.1,63
275.2,182.4,63
269.1,175.9,63
271.9,170.7,63
267.9,169.25,63
267.5,168.8,63
215,214.95,64
268.55,222.25,64
268.7,200.95,64
268.2,200.5,64
270.4,183.95,64
269,184.1,64
271.95,182.4,64
275.55,183.55,64
275.15,181.35,64
278.6,175.35,64
271.95,170.75,64
269.8,169.1,64
267.35,171.3,64
267,170.75,64
228.15,171.8,64
228.85,172.35,64
231.55,172.4,64
233.4,173.2,64
223.15,181.4,64
233.9,170.05,65
229.7,175.5,65
230.55,175.9,65
263.15,182.1,65
265.7,178.95,65
272.15,188.55,65
265.85,197.8,66
229.25,172.85,66
228.8,172.45,66
228.5,172.25,66
275.1,207.9,67
283.2,194.15,67
303,213.45,68
302.9,212.2,68
297.85,213.9,68
295.1,216.2,68
273.65,221.1,68
225.6,200.9,68
290.2,219.4,69
287.9,218.15,69
297.95,212.85,69
301.8,213.3,69
302.15,213.2,69
302.5,212.65,69
302.55,211.35,69
300.3,214.6,70
290.1,216.6,70
258.45,189.8,71
259.6,203.8,71
238.1,214.55,72
231,217.85,73
210.9,107.65,98
180.25,114.15,98
174.85,120.6,98
216.7,110.8,99
183.35,117.3,99
177.6,118.7,99
161.5,126.9,99
297.8,111.9,99
285.85,108.15,99
297.5,111.7,100
296.1,112.05,100
215.45,109.15,100
211.65,108.5,100
204.9,111.9,100
163.7,126.35,100
302.85,109.65,101
215.75,113.75,101
207.4,114.85,101
204.15,111.25,101
175.55,121.35,101
176.55,122.85,101
321.6,122.05,102
216.6,107.25,102
215.95,113.6,102
208.65,113.7,102
205.45,111.35,102
203.5,114.9,102
203.8,116.35,102
198.6,114.9,102
198.5,119.65,102
189.65,115.75,102
182.9,116.8,102
167.8,124.1,102
168.6,127.35,102
216.9,107.1,103
209.25,114.75,103
205.35,111.6,103
205.55,110.9,103
203.25,119.95,103
193.95,115.75,103
193.5,115.3,103
197.35,122.35,103
190.1,120.9,103
182.25,122.7,103
173.15,126.35,103
170.65,128.35,103
319.15,118.65,103
293.85,116.35,103
288,108.55,103
207.8,116,104
203.8,116.45,104
199.85,115.2,104
199.25,114.75,104
197.8,116.35,104
195.35,118.35,104
195.35,120.25,104
194.45,119.7,104
194.3,121.9,104
195.25,123.2,104
197.55,122.35,104
183.45,122.15,104
183.15,122.85,104
182.8,122.4,104
182.55,127.45,104
178.8,125.7,104
177.65,124.35,104
170.35,126.4,104
166.4,127.4,104
171.2,128.8,104
162.95,131.3,104
316.3,117.2,105
298.6,111.9,105
210.4,120.1,105
207.1,116.55,105
207.9,115.9,105
204,116.35,105
201.65,114.6,105
201.9,117.6,105
202.25,120.2,105
200.7,119.85,105
199.65,118.85,105
197.6,120.7,105
197.55,122.1,105
197.65,122.7,105
201.4,125.6,105
196.35,119.5,105
195.3,120.2,105
194.95,121.6,105
194.1,121.65,105
190.1,119.6,105
189.3,124.05,105
187.25,123.65,105
182.8,122.35,105
182.6,123.05,105
181.9,124.25,105
179.05,124.95,105
178.75,127.35,105
180.3,125.2,105
174.25,129.3,105
177.85,123.15,105
178.15,120.1,105
174.7,122.4,105
166.4,130.1,105
162.9,131.05,105
160.65,133.05,105
157.6,135,105
155.85,133.9,105
211.55,115.35,106
211.1,114.9,106
204.35,118,106
202.05,121.55,106
202.2,120.1,106
199.75,118.65,106
198.2,118.45,106
194.55,119.6,106
194.95,119.15,106
192.95,119.35,106
191.65,120.8,106
191.3,120.35,106
191.75,121.65,106
192.05,122.1,106
191.25,122.95,106
191.7,123.3,106
193,124.35,106
192.5,124.45,106
192.4,124.8,106
194.35,125.7,106
197.65,126.15,106
199.95,124.1,106
199.75,121.6,106
206.1,125.35,106
190.8,116.05,106
191.05,116.55,106
189.35,117.35,106
187.3,121.45,106
187.7,123.55,106
186.95,125.9,106
185.3,124.9,106
185.8,121.1,106
184.95,122.05,106
184.8,121.7,106
182.65,123.05,106
182.45,122.15,106
182.85,128.35,106
185.45,128.75,106
191.3,128.9,106
191.7,129.45,106
180.45,126.35,106
179,126,106
178.25,126.3,106
179.45,124.55,106
177.1,122,106
174.85,129.4,106
173.55,129.05,106
173.65,126.7,106
173.7,125.95,106
171.35,127.55,106
168.65,132.35,106
166.75,129.45,106
165.5,130.25,106
163.15,129.75,106
161,133.95,106
157.65,134.9,106
310.85,116.1,106
210.75,115.8,107
210.4,115.5,107
206.3,115.95,107
205.65,122.6,107
205.5,120.4,107
202.45,119.85,107
199.3,118.1,107
199.25,119.4,107
201.9,124.75,107
204.45,126.15,107
198.85,129.25,107
197.7,125.45,107
192.7,124.35,107
192.45,124.8,107
192.45,123.95,107
188.85,123.85,107
188.35,124.15,107
189.65,126.15,107
188.25,127.85,107
187.35,121.45,107
185.95,120.4,107
182.55,119.2,107
182.95,124.75,107
182.8,126.6,107
184,127.75,107
185,129.75,107
180.5,128.85,107
179.75,130.45,107
176.8,128.55,107
176.35,125.25,107
175.55,125.6,107
170.8,129.6,107
172.35,130.35,107
166.55,128.75,107
164.05,128.85,107
162.5,131.4,107
162.3,132.45,107
167.05,135.55,107
215.8,121.45,108
216.35,121.25,108
212.1,121.75,108
210.3,118.95,108
208.8,118.95,108
209.1,119.85,108
201.3,122.35,108
200.3,121.95,108
199.6,120.7,108
198.05,120.05,108
196.4,119.35,108
196.05,118.35,108
200.1,125,108
201.85,128.4,108
201.8,132.8,108
194.9,130.3,108
192.9,130.85,108
192.1,132.55,108
191.65,132,108
191.4,127.9,108
191.7,127.3,108
190.85,127.35,108
191.45,126.75,108
192.65,120.85,108
192.65,123.75,108
189.5,123.65,108
189.05,121.65,108
187.45,125.1,108
187.1,131.35,108
184.3,132.15,108
183.4,132.15,108
183.2,129.45,108
184.2,127.65,108
183.05,127.3,108
183.15,126.6,108
183.1,125.65,108
181.2,125.25,108
182,129.8,108
180.15,128.15,108
175.55,126.45,108
178.65,130.3,108
177.75,131.6,108
177.2,131.45,108
176.55,131.2,108
174.65,131.5,108
172.8,130.3,108
165.6,135.9,108
164.55,133.65,108
160.65,132.05,108
285.65,116.1,108
291.8,118.6,108
292.7,115.15,108
303.35,120.15,108
319.75,125.1,109
309.3,123.4,109
216.5,120.9,109
213.2,119.1,109
211.45,123.25,109
209.45,121.3,109
206.6,128.1,109
204.45,124.9,109
201.1,121.6,109
199.3,120.1,109
196.8,121,109
196.55,121.25,109
196.2,121.15,109
195.3,121.6,109
199.05,125.15,109
202.6,127.45,109
204.5,129.9,109
202.1,132.65,109
197.4,132.25,109
196,130.95,109
194.1,124.15,109
193.25,124.7,109
189.45,123.45,109
192.55,127.1,109
191.35,127.8,109
191,127.3,109
189.7,127.5,109
189.5,128,109
185.4,126.4,109
188.25,129.55,109
184.4,129.3,109
183.9,128.9,109
185.75,130.95,109
185.4,131.9,109
183.35,132.1,109
181.1,130,109
179.6,128.9,109
175.3,127.6,109
174.55,127.55,109
171.75,128.65,109
166.95,132.65,109
169.2,132.2,109
171.65,132.65,109
172.9,133.95,109
174.7,135.3,109
176.95,134.85,109
173.85,131.55,109
174.1,129.9,109
175.6,130.8,109
176.35,130.65,109
177.6,130.55,109
177.15,129.55,109
180.05,131.6,109
181.2,134.15,109
159.05,136.4,109
211.55,123.85,110
206.75,122.5,110
204.75,125.4,110
207,129.5,110
203.75,120.65,110
200.4,121.6,110
201.15,123.75,110
200.5,125.05,110
198.05,124.8,110
200.15,128.3,110
197.05,126.35,110
195.5,123.15,110
194.5,122.4,110
192.7,125,110
195.75,126.85,110
195,127.15,110
191.3,127.35,110
190.85,126.6,110
194.4,129.95,110
192.55,134.8,110
192.95,136,110
188.9,134.9,110
189.35,133.35,110
188.05,134.05,110
189.15,131.1,110
188.25,130.85,110
187.05,131.2,110
183.2,129.65,110
182.9,127.35,110
183.8,126.7,110
181.8,131.55,110
181.3,133.1,110
178.6,136.05,110
176.7,137.25,110
169.7,133.85,110
170.1,134.3,110
170.85,133.85,110
173.1,132.3,110
173.55,131.8,110
175.9,129.95,110
177,132.7,110
177.6,130.35,110
177.85,128.05,110
178.5,127.5,110
179.45,128.85,110
166.9,135.95,110
165.7,135.6,110
167.4,133.25,110
162.55,138,110
158.75,141.05,110
331.05,131.55,110
315.15,123.8,110
313.05,121.85,110
203.85,123.7,111
204.35,129.7,111
201.75,127.15,111
201.05,126.55,111
199.45,123.2,111
195.5,123.6,111
193.7,123.2,111
191.35,124.1,111
190.75,123.5,111
197.55,128.1,111
196.75,128,111
199.15,130.4,111
197.7,131.2,111
196.95,130.15,111
195.85,131.35,111
193.35,131.15,111
192.55,131.8,111
189.25,130.75,111
188.95,131.9,111
189.95,134.2,111
189.5,133.9,111
188.55,134,111
188.1,136.2,111
192.95,136,111
193.45,135.1,111
196.75,136.4,111
180.3,137.55,111
179.9,137.1,111
180.45,133.6,111
180.45,133.15,111
178.05,135.55,111
178.1,134.5,111
175.95,137.35,111
171.55,139.35,111
169.3,138.1,111
164.75,139.1,111
161.7,136.3,111
166.7,135.4,111
170.45,135.75,111
171.15,135.35,111
172.75,134.5,111
172.9,132.1,111
171.15,131.75,111
331.45,132.4,111
323.35,124.65,111
315.1,132.15,111
313.15,131.95,112
204.55,128.3,112
203.7,125.9,112
202.85,129.45,112
204.1,130.9,112
201.1,133.25,112
200.1,133.3,112
199,131,112
198.75,129.6,112
197.8,133.25,112
198.05,130.65,112
197.5,130.2,112
196.75,130.75,112
197,129.25,112
196.5,128.7,112
197.75,134.4,112
196.7,133.95,112
196.85,136.35,112
194.75,133.1,112
193.9,130.9,112
192.5,135.85,112
189.85,134.05,112
190.55,132.65,112
191.55,132,112
191.3,131.3,112
190.15,131.6,112
189.8,129.25,112
187.2,133.3,112
187.55,129.05,112
184.8,125.75,112
183.55,134.1,112
183.15,133.15,112
182.55,136.05,112
182.15,136.9,112
180.4,133.6,112
180.2,131.05,112
179.4,128.55,112
179.3,136.8,112
177,133.45,112
179.05,141.15,112
177.7,141.8,112
176.7,138.35,112
176.4,137.9,112
175.1,135.4,112
174.6,135.6,112
174.05,133.6,112
172.6,133.1,112
171.85,134.95,112
173.05,136.55,112
173.55,137.6,112
174.15,138.35,112
172.7,139.05,112
171.45,139.25,112
171.55,137.05,112
170.4,135.55,112
168.95,138.45,112
168.5,137.25,112
167.7,137.55,112
163.55,137.5,112
166.95,141.25,112
203.15,136.2,113
205.35,130.95,113
204.75,127.55,113
202.35,124.65,113
200.85,134.1,113
203.4,130,113
199.15,131.85,113
197.95,131.25,113
197.15,130.6,113
199.3,130.65,113
197.55,133.35,113
197.85,134.65,113
198.3,135.5,113
193.65,134.55,113
194.55,132.75,113
193.2,130.75,113
192.75,131.1,113
191.5,128.35,113
190.9,127.9,113
198.75,124.6,113
191.1,130.6,113
191.7,131,113
190.8,133.95,113
191.4,134.45,113
191.95,137.3,113
191.2,136.95,113
189.85,136.1,113
188.55,136.95,113
187.9,133.55,113
186.6,133.2,113
186.25,133.55,113
186.3,131.35,113
182.15,131,113
181.15,134.25,113
183.55,136.1,113
181.6,135.9,113
182.05,135.25,113
181.6,137.4,113
181.25,137.25,113
180,137.9,113
180.2,139.7,113
180.8,140.8,113
177.25,133.4,113
176.85,136.45,113
176.35,138.95,113
175.05,137.15,113
174.35,138.6,113
173.1,134.9,113
173.5,140.35,113
171.95,140.65,113
170.1,139.45,113
166.85,140,113
166.65,143.8,113
159.7,143,113
152.25,147.9,113
206.8,132.4,114
200.8,135.7,114
199.1,131.85,114
195.85,132.4,114
193.65,128.8,114
190.4,136.35,114
189.85,136.3,114
188.35,134.9,114
188.35,133.75,114
186.35,132.55,114
186,134.65,114
185.9,137.15,114
189.8,138.3,114
189.35,137.15,114
190.9,140.6,114
191.35,141.15,114
188.2,142.5,114
187.2,141.2,114
187.1,140.5,114
184.45,142.7,114
181.95,141.35,114
182.55,139.65,114
184.05,136.55,114
182.9,134.7,114
181.1,137.55,114
178.7,137.55,114
174.25,137.75,114
172.85,135.3,114
170.65,137.15,114
171.8,137.85,114
172.75,139.4,114
173.25,141.3,114
171.65,140.25,114
167.8,139.2,114
168.2,141.3,114
164.1,145.2,114
171.35,144.65,114
169.85,144.65,114
327.9,140.85,115
313.5,131.55,115
204.3,134.4,115
197.65,134.15,115
199.25,136.8,115
196.3,137.05,115
192.55,133.95,115
192,133.5,115
194.2,132,115
192.1,135.85,115
194.4,139.35,115
188.2,134.85,115
186.4,135.2,115
185.7,137.95,115
185.3,138.55,115
187.45,142.65,115
181.55,139.25,115
184,140.95,115
181,142.2,115
173.6,139.4,115
172.6,141.25,115
171.1,142.55,115
172.1,144.85,115
175.65,144.4,115
165.7,144.35,115
162.35,145.3,115
160.8,145.65,115
155.25,148.5,115
198.45,134.4,116
198.3,135.8,116
197.4,135.55,116
196.9,135.9,116
195.6,137.6,116
194.3,139.25,116
192.65,143.75,116
192.25,143.25,116
189.5,143.4,116
185.7,140.6,116
187.4,136.85,116
182.6,136.05,116
178.05,138.1,116
178.4,142.1,116
173.35,139.4,116
175.4,144.35,116
174.65,146.4,116
174.95,147.1,116
178.35,147.5,116
170.45,148.15,116
169.05,144.45,116
168.6,142.8,116
165.75,144.2,116
161.5,146.9,116
155.15,148.3,116
210.7,132.7,117
203.4,138.25,117
197.85,133.8,117
198.1,139.7,117
195.5,140.45,117
189.55,136.95,117
189.15,137.55,117
187.95,136.1,117
187.4,136.65,117
192.2,144.1,117
191.8,143.75,117
188.7,140.7,117
187.65,141.6,117
187.1,142.75,117
185.5,141.15,117
183.95,139.8,117
183.45,141.1,117
181.35,139.15,117
180.35,140.05,117
178.05,138.15,117
185.35,144.6,117
180.7,143.75,117
181.9,146.2,117
177.55,145.3,117
175.45,144.4,117
174.4,143.35,117
173.05,142.15,117
172.75,144.15,117
173.05,145.65,117
171.25,148.5,117
172.95,148.2,117
175.05,148.75,117
165.25,145.5,117
157.15,149.1,117
211.35,131.35,118
207.05,134.2,118
204.65,135.9,118
199.35,136.5,118
193.75,135.95,118
192.75,138.35,118
193.15,139.65,118
189.85,139.15,118
188.6,138,118
192.1,142.75,118
191.65,142.2,118
189.95,143.85,118
185.95,145.9,118
184.85,145.4,118
182.7,141.8,118
180,146.55,118
179.45,146,118
176.65,151.7,118
176,147.95,118
174.95,148.05,118
174.75,148.9,118
175.35,146.65,118
172.7,146.05,118
172.95,142.1,118
163.3,151.25,118
199.5,134.6,119
200.2,138.3,119
203.55,138,119
216.7,134.3,119
198.15,139.9,119
190.85,138.9,119
190.4,138.4,119
190,143.85,119
185.75,143.4,119
182.95,145.95,119
178.25,148.2,119
175.35,146.6,119
175.05,148.2,119
172.7,146.95,119
174.7,150.05,119
162,152.25,119
157.1,150.8,119
154.3,150.85,119
153.7,150.4,119
151.8,152.45,119
196.3,140.85,120
196.15,138.95,120
193.7,144.9,120
193,143.55,120
190.6,145.55,120
189.85,144.55,120
189.4,141,120
186.65,141.05,120
186.95,144.85,120
178.15,146.1,120
210.15,137.85,121
205.55,140.45,121
200.5,139.95,121
200.15,136.95,121
197.15,139.3,121
196,138.35,121
194.35,144.65,121
189.9,144.5,121
193.4,149.7,121
183.3,151.55,121
159.6,146.3,121
183.6,150.95,122
206.3,141.05,123
205.95,138.65,123
201.15,139.8,123
190.4,145.9,123
205.5,142.55,124
198.9,146.85,124
200,149.25,125
209.5,145.05,126
203.2,147.95,127
200.4,147.8,127
186.8,153.5,127
200.95,149.95,128
218.65,145.25,129
213.25,140.45,129
222.35,148.75,130
218.65,146.45,130
217.25,147.85,130
220.15,141.55,130
219.35,141.75,130
281.5,142.85,130
279.4,145.5,130
298.5,150.7,131
199.6,155.85,131
203.65,150.2,131
207.05,148.6,131
211.75,144.45,131
215.8,145.45,131
218.65,147.8,131
219.6,145.2,131
221,139.35,131
199.95,153.35,132
200.6,153.75,132
203.75,150.25,132
207.05,148.45,132
207.6,145.85,132
210.25,146.15,132
214,149.45,132
216.05,141.45,132
287,144.6,132
201.7,157.45,133
201.9,151.75,133
207.5,149.1,133
210,150.3,133
220.85,139.45,133
292.45,146.6,133
280,149,133
290,141.5,133
192.75,166.4,134
207.7,152.7,134
211.5,150.3,134
215.65,148.75,134
222,144.1,134
221,139.3,134
215.2,144,134
285.65,150.2,134
292.45,146.45,134
289.15,144.9,134
222.7,145.75,135
215.75,145.6,135
209.15,147.7,135
208.6,149.05,135
202.45,154.55,135
202.85,157.15,135
204.25,158.7,135
205.9,156.65,135
216.35,151.15,135
215.8,149.65,135
222.6,160.4,135
223.7,152.25,136
217.75,154.4,136
212.15,153.2,136
211.9,152.8,136
213.95,147.35,136
209.9,154.35,136
206.05,156.35,136
202.9,157,136
197.3,157.35,136
204.95,160.05,136
225.25,146.6,137
213.8,145.65,137
216.2,152.35,137
216.15,155.75,137
209.5,154.2,137
208.9,157,137
208.35,157.55,137
205.3,158.6,137
203.5,159.6,137
203.2,160.6,137
222.3,157.55,138
216.25,152.4,138
219.55,147.15,138
210.2,151.55,138
209.1,152.05,138
209.35,154.1,138
209.8,153.95,138
210.6,154.3,138
211.45,157.35,138
206.3,153.95,138
205.5,159.9,138
202.6,160.6,138
199.1,165.35,138
220.9,146.8,139
218.3,144.2,139
217.6,153.05,139
212,152.3,139
207.5,153.75,139
209.7,159.7,139
209.9,159.4,140
